model,objects_per_day,true_positive,false_positive,precision,recall,days
selected,5,713,187,0.7922222222222223,0.16964073,180
selected,10,1291,509,0.7172222222222222,0.30716154,180
selected,20,2163,1437,0.6008333333333333,0.5146324,180
lightgbm_control,5,717,183,0.7966666666666666,0.17059243,180
lightgbm_control,10,1292,508,0.7177777777777777,0.30739948,180
lightgbm_control,20,2157,1443,0.5991666666666666,0.5132049,180
previous_frozen,5,704,196,0.7822222222222223,0.16749941,180
previous_frozen,10,1281,519,0.7116666666666667,0.3047823,180
previous_frozen,20,2149,1451,0.5969444444444445,0.51130146,180
