issue_month,model,cohort,rows,positives,prevalence,average_precision,roc_auc,precision,recall,f1,threshold,true_positive,false_positive,false_negative,calendar_days,false_alerts_per_calendar_day,all_alerts_per_calendar_day
2026-01,selected,all,2418,671,0.27750205993652344,0.5862905899975455,0.7691448060417816,0.5914742451154529,0.496274217585693,0.539708265802269,0.38214568548191574,333,230,338,31,7.419354838709677,18.161290322580644
2026-02,selected,all,2184,586,0.26831501722335815,0.6319616509992206,0.790250825477239,0.5988593155893536,0.537542662116041,0.566546762589928,0.38214568548191574,315,211,271,28,7.535714285714286,18.785714285714285
2026-03,selected,all,2418,738,0.3052109181880951,0.6470822781351442,0.795205833010711,0.6314102564102564,0.5338753387533876,0.5785609397944199,0.38214568548191574,394,230,344,31,7.419354838709677,20.129032258064516
2026-04,selected,all,2340,764,0.3264957368373871,0.6764821716659899,0.7974468134584208,0.6458015267175573,0.5536649214659686,0.5961945031712473,0.38214568548191574,423,232,341,30,7.733333333333333,21.833333333333332
2026-05,selected,all,2418,742,0.3068651854991913,0.5905538384084597,0.7508604108099763,0.6028368794326241,0.4582210242587601,0.5206738131699846,0.38214568548191574,340,224,402,31,7.225806451612903,18.193548387096776
2026-06,selected,all,2262,702,0.3103448152542114,0.6429169803658793,0.8001068376068378,0.6044776119402985,0.5769230769230769,0.5903790087463557,0.38214568548191574,405,265,297,29,9.137931034482758,23.103448275862068
2026-01,lightgbm_control,all,2418,671,0.27750205993652344,0.5829701553136111,0.7633725091427757,0.5652818991097923,0.5678092399403875,0.5665427509293681,0.33436293415247464,381,293,290,31,9.451612903225806,21.741935483870968
2026-02,lightgbm_control,all,2184,586,0.26831501722335815,0.6260263150826477,0.7821300730008073,0.5622950819672131,0.5853242320819113,0.5735785953177258,0.33436293415247464,343,267,243,28,9.535714285714286,21.785714285714285
2026-03,lightgbm_control,all,2418,738,0.3052109181880951,0.6477806916950354,0.7863228319783196,0.6179624664879356,0.6246612466124661,0.6212938005390835,0.33436293415247464,461,285,277,31,9.193548387096774,24.06451612903226
2026-04,lightgbm_control,all,2340,764,0.3264957368373871,0.6642755338955213,0.7814742405719297,0.5974358974358974,0.6099476439790575,0.6036269430051813,0.33436293415247464,466,314,298,30,10.466666666666667,26.0
2026-05,lightgbm_control,all,2418,742,0.3068651854991913,0.5809870864055653,0.7330012576472026,0.5490196078431373,0.5283018867924528,0.5384615384615384,0.33436293415247464,392,322,350,31,10.387096774193548,23.032258064516128
2026-06,lightgbm_control,all,2262,702,0.3103448152542114,0.6340351875126875,0.780509441887647,0.5327963176064442,0.6595441595441596,0.5894334818586888,0.33436293415247464,463,406,239,29,14.0,29.96551724137931
2026-01,previous_frozen,all,2418,671,0.27750205993652344,0.5804231325762922,0.7629438415610494,0.5624082232011748,0.5707898658718331,0.5665680473372782,0.3345231006565093,383,298,288,31,9.612903225806452,21.967741935483872
2026-02,previous_frozen,all,2184,586,0.26831501722335815,0.62522432363967,0.7796178670437022,0.5627009646302251,0.5972696245733788,0.5794701986754967,0.3345231006565093,350,272,236,28,9.714285714285714,22.214285714285715
2026-03,previous_frozen,all,2418,738,0.3052109181880951,0.6457342238701307,0.783488998580462,0.6055045871559633,0.6260162601626016,0.6155896069287142,0.3345231006565093,462,301,276,31,9.709677419354838,24.612903225806452
2026-04,previous_frozen,all,2340,764,0.3264957368373871,0.65958658288925,0.7771223124352193,0.5963777490297542,0.6034031413612565,0.5998698763825634,0.3345231006565093,461,312,303,30,10.4,25.766666666666666
2026-05,previous_frozen,all,2418,742,0.3068651854991913,0.5745577391968453,0.7321701972994359,0.5578034682080925,0.5202156334231806,0.5383542538354253,0.3345231006565093,386,306,356,31,9.870967741935484,22.322580645161292
2026-06,previous_frozen,all,2262,702,0.3103448152542114,0.6339588101322875,0.7821174848418437,0.5316455696202531,0.6581196581196581,0.5881604073838318,0.3345231006565093,462,407,240,29,14.03448275862069,29.96551724137931
