model,average_precision
blend_seasonal_90_control0.75,0.6286787674058992
blend_seasonal_90_control0.5,0.6272741075580756
lightgbm_control,0.6265548093335904
blend_linear_1.0_control0.75,0.6265018873560612
blend_spline_0.1_control0.75,0.6263892569037808
blend_gru_w28_control0.75,0.6256258699872861
blend_spline_0.1_control0.5,0.6239772605979016
blend_markov_180_control0.75,0.6236089411674006
blend_linear_1.0_control0.5,0.6229797471129379
blend_seasonal_90_control0.25,0.6212007048165814
blend_three_families,0.6196297937151634
blend_spline_0.1_control0.25,0.6183869224834461
blend_gru_w28_control0.5,0.6171307130695513
blend_linear_1.0_control0.25,0.615486226246077
blend_markov_180_control0.5,0.6136758658260975
spline_0.1,0.6104579176757242
seasonal_90,0.6060116821132318
linear_1.0,0.6037779309111706
blend_gru_w28_control0.25,0.6011957291975327
blend_markov_180_control0.25,0.5898981451287799
gru_w28,0.5752681156420633
markov_180,0.5445516168811196
