month,model,rows,positives,positive_rate,average_precision,roc_auc,threshold,precision,recall,f1,true_positive,false_positive,false_negative
2026-01,frozen_v2,206988,2383,0.011512744700175855,0.15091698639015744,0.7892411858174102,0.11129372946387953,0.18094011590470058,0.23583718002517834,0.20477318272909456,562,2544,1821
2026-01,rolling_lgb,206988,2383,0.011512744700175855,0.15241589256663698,0.8144576907719481,0.07873709516387885,0.1837744249319812,0.31179185900125894,0.23124805477746654,743,3300,1640
2026-01,rolling_blend,206988,2383,0.011512744700175855,0.15587014657411985,0.8134876128422961,0.11129372946387953,0.20108892921960073,0.23248006714225766,0.21564811210587775,554,2201,1829
2026-02,frozen_v2,186823,1978,0.0105875614886818,0.12929218943472495,0.8109273788021396,0.11129372946387953,0.1552172298551801,0.21132457027300303,0.17897666452579747,418,2275,1560
2026-02,rolling_lgb,186823,1978,0.0105875614886818,0.1266775869560652,0.8319560828996152,0.07873709516387885,0.1250822909809085,0.28816986855409504,0.17444529456771232,570,3987,1408
2026-02,rolling_blend,186823,1978,0.0105875614886818,0.13480955044619375,0.8350721374760988,0.11129372946387953,0.16058394160583941,0.2224469160768453,0.18651971174226367,440,2300,1538
2026-03,frozen_v2,206117,3916,0.0189989180902109,0.10435914911981045,0.6637487134119656,0.11129372946387953,0.19422206752523494,0.1424923391215526,0.1643835616438356,558,2315,3358
2026-03,rolling_lgb,206117,3916,0.0189989180902109,0.11460963512002331,0.6986496730397198,0.07873709516387885,0.1793020457280385,0.19024514811031665,0.1846115722958741,745,3410,3171
2026-03,rolling_blend,206117,3916,0.0189989180902109,0.11135026231642786,0.6995624332716919,0.11129372946387953,0.2029191883232467,0.14555669050051073,0.16951672862453535,570,2239,3346
2026-04,frozen_v2,200687,4440,0.022124004046101643,0.15626387594375754,0.803164508694848,0.11129372946387953,0.23666762755837417,0.1849099099099099,0.2076115817423189,821,2648,3619
2026-04,rolling_lgb,200687,4440,0.022124004046101643,0.1678502348635149,0.8471618708855456,0.07873709516387885,0.16362308254200147,0.3027027027027027,0.21242294926505456,1344,6870,3096
2026-04,rolling_blend,200687,4440,0.022124004046101643,0.170360829180948,0.838497188595343,0.11129372946387953,0.214931602133086,0.2087837837837838,0.2118130926539472,927,3386,3513
2026-05,frozen_v2,206435,2484,0.01203284326785671,0.14476519978402197,0.8526987130903716,0.11129372946387953,0.20060382422006037,0.24074074074074073,0.21884720951509606,598,2383,1886
2026-05,rolling_lgb,206435,2484,0.01203284326785671,0.1479554583540475,0.865829711781281,0.07873709516387885,0.15323962975659924,0.35990338164251207,0.21495551815340225,894,4940,1590
2026-05,rolling_blend,206435,2484,0.01203284326785671,0.15082767765072114,0.8707804190140047,0.11129372946387953,0.20419354838709677,0.25483091787439616,0.2267191977077364,633,2467,1851
2026-06,frozen_v2,192950,3459,0.017926924073594197,0.104605071637582,0.7014221185404788,0.11129372946387953,0.1879124696075026,0.15640358485111303,0.1707163142947302,541,2338,2918
2026-06,rolling_lgb,192950,3459,0.017926924073594197,0.22459545722656984,0.7744715457953244,0.07873709516387885,0.20948323763659937,0.3269731136166522,0.2553623842853917,1131,4268,2328
2026-06,rolling_blend,192950,3459,0.017926924073594197,0.17496621143255853,0.7757076656824122,0.11129372946387953,0.27553224313483493,0.258167100318011,0.26656716417910453,893,2348,2566
