split,feature,dtype,rows,non_null,coverage,zero_share,unique_values
test,events_count,numeric,2069460,2069460,1.0,0.8442772510703275,3955
test,alarm_count,numeric,2069460,2069460,1.0,0.9848752814743943,218
test,numeric_count,numeric,2069460,2069460,1.0,0.9723232147516744,3900
test,text_count,numeric,2069460,2069460,1.0,0.8699689774143979,1283
test,missing_count,numeric,2069460,2069460,1.0,1.0,1
test,negative_count,numeric,2069460,2069460,1.0,0.9997511428102017,11
test,sentinel_count,numeric,2069460,2069460,1.0,1.0,1
test,fault_count,numeric,2069460,2069460,1.0,0.9951997139350361,186
test,no_power_count,numeric,2069460,2069460,1.0,0.9820040010437505,63
test,undefined_count,numeric,2069460,2069460,1.0,0.9483676901220608,381
test,off_count,numeric,2069460,2069460,1.0,0.9690759908381896,232
test,on_count,numeric,2069460,2069460,1.0,0.9706730258134972,229
test,movement_detected_count,numeric,2069460,2069460,1.0,0.9884921670387444,931
test,no_movement_count,numeric,2069460,2069460,1.0,0.9884578585718014,931
test,norm_count,numeric,2069460,2069460,1.0,0.9297454408396393,462
test,open_count,numeric,2069460,2069460,1.0,0.9849748243503136,145
test,value_min,numeric,2069460,57276,0.02767678524832565,0.9850183139562978,102
test,value_max,numeric,2069460,57276,0.02767678524832565,0.9723768519323882,205
test,engineering_system,categorical,2069460,2069460,1.0,,7
test,sensor_type,categorical,2069460,2069460,1.0,,20
test,object_id,categorical,2069460,2069460,1.0,,79
test,object_kind,categorical,2069460,2069460,1.0,,3
test,year,numeric,2069460,2069460,1.0,0.0,1
test,month,numeric,2069460,2069460,1.0,0.0,6
test,dayofweek,numeric,2069460,2069460,1.0,0.14444444444444443,7
test,is_weekend,numeric,2069460,2069460,1.0,0.7111111111111111,2
test,alarm_rate_1d,numeric,2069460,2069460,1.0,0.9848752814743943,964
test,numeric_share_1d,numeric,2069460,2069460,1.0,0.9723232147516744,1161
test,text_share_1d,numeric,2069460,2069460,1.0,0.8699689774143979,1161
test,missing_share_1d,numeric,2069460,2069460,1.0,1.0,1
test,value_mean_1d,numeric,2069460,57276,0.02767678524832565,0.9723710533182569,18743
test,value_std_1d,numeric,2069460,57276,0.02767678524832565,0.9781513051713974,21764
test,value_range_1d,numeric,2069460,57276,0.02767678524832565,0.9781933451238487,264
test,events_count_sum_3d,numeric,2069460,2069460,1.0,0.7065273066403797,8141
test,alarm_count_sum_3d,numeric,2069460,2069460,1.0,0.9599634687309733,301
test,numeric_count_sum_3d,numeric,2069460,2069460,1.0,0.96086080426778,7888
test,text_count_sum_3d,numeric,2069460,2069460,1.0,0.739725822195162,2294
test,missing_count_sum_3d,numeric,2069460,2069460,1.0,1.0,1
test,negative_count_sum_3d,numeric,2069460,2069460,1.0,0.9993104481362288,15
test,sentinel_count_sum_3d,numeric,2069460,2069460,1.0,1.0,1
test,fault_count_sum_3d,numeric,2069460,2069460,1.0,0.9875455432818223,235
test,no_power_count_sum_3d,numeric,2069460,2069460,1.0,0.9616614962357329,76
test,undefined_count_sum_3d,numeric,2069460,2069460,1.0,0.876448445488195,605
test,movement_detected_count_sum_3d,numeric,2069460,2069460,1.0,0.9783590888444329,1727
test,open_count_sum_3d,numeric,2069460,2069460,1.0,0.9670532409420816,284
test,alarm_rate_3d,numeric,2069460,2069460,1.0,0.9599634687309733,2330
test,numeric_share_3d,numeric,2069460,2069460,1.0,0.96086080426778,3248
test,events_count_sum_7d,numeric,2069460,2069460,1.0,0.5559682235945609,12653
test,alarm_count_sum_7d,numeric,2069460,2069460,1.0,0.9190518299459762,402
test,numeric_count_sum_7d,numeric,2069460,2069460,1.0,0.9493326761570652,11788
test,text_count_sum_7d,numeric,2069460,2069460,1.0,0.5935388942042852,3699
test,missing_count_sum_7d,numeric,2069460,2069460,1.0,1.0,1
test,negative_count_sum_7d,numeric,2069460,2069460,1.0,0.9985160380002512,17
test,sentinel_count_sum_7d,numeric,2069460,2069460,1.0,1.0,1
test,fault_count_sum_7d,numeric,2069460,2069460,1.0,0.9756670822340128,310
test,no_power_count_sum_7d,numeric,2069460,2069460,1.0,0.9390391696384565,100
test,undefined_count_sum_7d,numeric,2069460,2069460,1.0,0.7816043798865404,821
test,movement_detected_count_sum_7d,numeric,2069460,2069460,1.0,0.9666898611231916,2746
test,open_count_sum_7d,numeric,2069460,2069460,1.0,0.9438998579339538,494
test,alarm_rate_7d,numeric,2069460,2069460,1.0,0.9190518299459762,4701
test,numeric_share_7d,numeric,2069460,2069460,1.0,0.9493326761570652,6105
test,events_count_sum_14d,numeric,2069460,2069460,1.0,0.42031931035149267,16860
test,alarm_count_sum_14d,numeric,2069460,2069460,1.0,0.8613314584480976,513
test,numeric_count_sum_14d,numeric,2069460,2069460,1.0,0.9395436490678728,15178
test,text_count_sum_14d,numeric,2069460,2069460,1.0,0.45766576788147634,5404
test,missing_count_sum_14d,numeric,2069460,2069460,1.0,1.0,1
test,negative_count_sum_14d,numeric,2069460,2069460,1.0,0.9972558058623989,20
test,sentinel_count_sum_14d,numeric,2069460,2069460,1.0,1.0,1
test,fault_count_sum_14d,numeric,2069460,2069460,1.0,0.9605626588578663,375
test,no_power_count_sum_14d,numeric,2069460,2069460,1.0,0.9253558899423038,118
test,undefined_count_sum_14d,numeric,2069460,2069460,1.0,0.6657799619224338,1042
test,movement_detected_count_sum_14d,numeric,2069460,2069460,1.0,0.9575116213891547,3969
test,open_count_sum_14d,numeric,2069460,2069460,1.0,0.9268248721888802,786
test,alarm_rate_14d,numeric,2069460,2069460,1.0,0.8613314584480976,7968
test,numeric_share_14d,numeric,2069460,2069460,1.0,0.9395436490678728,8752
train,events_count,numeric,3138681,3138681,1.0,0.8742946479747384,4061
train,alarm_count,numeric,3138681,3138681,1.0,0.9922585315296457,166
train,numeric_count,numeric,3138681,3138681,1.0,0.9690580215064863,4033
train,text_count,numeric,3138681,3138681,1.0,0.9039663476473079,1247
train,missing_count,numeric,3138681,3138681,1.0,1.0,1
train,negative_count,numeric,3138681,3138681,1.0,0.9998429276501817,10
train,sentinel_count,numeric,3138681,3138681,1.0,0.9999987255793118,4
train,fault_count,numeric,3138681,3138681,1.0,0.9962920730077379,48
train,no_power_count,numeric,3138681,3138681,1.0,0.9836867779809417,48
train,undefined_count,numeric,3138681,3138681,1.0,0.9827112089441393,216
train,off_count,numeric,3138681,3138681,1.0,0.9665837337403833,134
train,on_count,numeric,3138681,3138681,1.0,0.968217222457459,132
train,movement_detected_count,numeric,3138681,3138681,1.0,0.988989961069634,1042
train,no_movement_count,numeric,3138681,3138681,1.0,0.9889867750179135,1042
train,norm_count,numeric,3138681,3138681,1.0,0.9645704676582297,295
train,open_count,numeric,3138681,3138681,1.0,0.985183266474038,203
train,value_min,numeric,3138681,97117,0.030941978493513676,0.982392285166922,97
train,value_max,numeric,3138681,97117,0.030941978493513676,0.9690851029461102,206
train,engineering_system,categorical,3138681,3138681,1.0,,7
train,sensor_type,categorical,3138681,3138681,1.0,,20
train,object_id,categorical,3138681,3138681,1.0,,79
train,object_kind,categorical,3138681,3138681,1.0,,3
train,year,numeric,3138681,3138681,1.0,0.0,1
train,month,numeric,3138681,3138681,1.0,0.0,9
train,dayofweek,numeric,3138681,3138681,1.0,0.14285714285714285,7
train,is_weekend,numeric,3138681,3138681,1.0,0.7142857142857143,2
train,alarm_rate_1d,numeric,3138681,3138681,1.0,0.9922585315296457,834
train,numeric_share_1d,numeric,3138681,3138681,1.0,0.9690580215064863,1415
train,text_share_1d,numeric,3138681,3138681,1.0,0.9039663476473079,1415
train,missing_share_1d,numeric,3138681,3138681,1.0,1.0,1
train,value_mean_1d,numeric,3138681,97117,0.030941978493513676,0.9690835099202499,29051
train,value_std_1d,numeric,3138681,97117,0.030941978493513676,0.9746986074723746,34061
train,value_range_1d,numeric,3138681,97117,0.030941978493513676,0.9747295121740629,288
train,events_count_sum_3d,numeric,3138681,3138681,1.0,0.7726532259888788,9256
train,alarm_count_sum_3d,numeric,3138681,3138681,1.0,0.98016427919881,265
train,numeric_count_sum_3d,numeric,3138681,3138681,1.0,0.9576194586197195,9147
train,text_count_sum_3d,numeric,3138681,3138681,1.0,0.8112646681838644,2447
train,missing_count_sum_3d,numeric,3138681,3138681,1.0,1.0,1
train,negative_count_sum_3d,numeric,3138681,3138681,1.0,0.9995807155935885,12
train,sentinel_count_sum_3d,numeric,3138681,3138681,1.0,0.9999961767379355,4
train,fault_count_sum_3d,numeric,3138681,3138681,1.0,0.9900200115908562,64
train,no_power_count_sum_3d,numeric,3138681,3138681,1.0,0.964777242414887,76
train,undefined_count_sum_3d,numeric,3138681,3138681,1.0,0.9542301367995027,345
train,movement_detected_count_sum_3d,numeric,3138681,3138681,1.0,0.9792492451446961,2098
train,open_count_sum_3d,numeric,3138681,3138681,1.0,0.9677338984114665,423
train,alarm_rate_3d,numeric,3138681,3138681,1.0,0.98016427919881,1956
train,numeric_share_3d,numeric,3138681,3138681,1.0,0.9576194586197195,3599
train,events_count_sum_7d,numeric,3138681,3138681,1.0,0.6494807850813765,15420
train,alarm_count_sum_7d,numeric,3138681,3138681,1.0,0.9612098203034969,380
train,numeric_count_sum_7d,numeric,3138681,3138681,1.0,0.9469343969648397,14646
train,text_count_sum_7d,numeric,3138681,3138681,1.0,0.693693943411261,3951
train,missing_count_sum_7d,numeric,3138681,3138681,1.0,1.0,1
train,negative_count_sum_7d,numeric,3138681,3138681,1.0,0.9990582031114343,12
train,sentinel_count_sum_7d,numeric,3138681,3138681,1.0,0.9999910790551827,4
train,fault_count_sum_7d,numeric,3138681,3138681,1.0,0.979932334633561,79
train,no_power_count_sum_7d,numeric,3138681,3138681,1.0,0.9443607043850586,98
train,undefined_count_sum_7d,numeric,3138681,3138681,1.0,0.901211368724633,447
train,movement_detected_count_sum_7d,numeric,3138681,3138681,1.0,0.9679457708508765,3378
train,open_count_sum_7d,numeric,3138681,3138681,1.0,0.9456424529921964,685
train,alarm_rate_7d,numeric,3138681,3138681,1.0,0.9612098203034969,3618
train,numeric_share_7d,numeric,3138681,3138681,1.0,0.9469343969648397,6636
train,events_count_sum_14d,numeric,3138681,3138681,1.0,0.5299238756662432,21108
train,alarm_count_sum_14d,numeric,3138681,3138681,1.0,0.9378286611477878,534
train,numeric_count_sum_14d,numeric,3138681,3138681,1.0,0.9380252405389398,19369
train,text_count_sum_14d,numeric,3138681,3138681,1.0,0.575394250005018,5876
train,missing_count_sum_14d,numeric,3138681,3138681,1.0,1.0,1
train,negative_count_sum_14d,numeric,3138681,3138681,1.0,0.9981438062676646,12
train,sentinel_count_sum_14d,numeric,3138681,3138681,1.0,0.9999821581103655,4
train,fault_count_sum_14d,numeric,3138681,3138681,1.0,0.966933562219289,89
train,no_power_count_sum_14d,numeric,3138681,3138681,1.0,0.9326124572710639,130
train,undefined_count_sum_14d,numeric,3138681,3138681,1.0,0.8253154748762298,580
train,movement_detected_count_sum_14d,numeric,3138681,3138681,1.0,0.9590117632215571,5050
train,open_count_sum_14d,numeric,3138681,3138681,1.0,0.9294716474850423,1092
train,alarm_rate_14d,numeric,3138681,3138681,1.0,0.9378286611477878,6358
train,numeric_share_14d,numeric,3138681,3138681,1.0,0.9380252405389398,9494
valid,events_count,numeric,1057724,1057724,1.0,0.8297495376865799,3062
valid,alarm_count,numeric,1057724,1057724,1.0,0.9855444331413488,135
valid,numeric_count,numeric,1057724,1057724,1.0,0.9715521251290506,2970
valid,text_count,numeric,1057724,1057724,1.0,0.8555568371333164,907
valid,missing_count,numeric,1057724,1057724,1.0,1.0,1
valid,negative_count,numeric,1057724,1057724,1.0,0.9998468409528384,9
valid,sentinel_count,numeric,1057724,1057724,1.0,0.9999952728689148,4
valid,fault_count,numeric,1057724,1057724,1.0,0.9963289099992059,83
valid,no_power_count,numeric,1057724,1057724,1.0,0.9832063941065912,38
valid,undefined_count,numeric,1057724,1057724,1.0,0.9323500270391898,198
valid,off_count,numeric,1057724,1057724,1.0,0.9706492430917706,84
valid,on_count,numeric,1057724,1057724,1.0,0.9718716791904126,84
valid,movement_detected_count,numeric,1057724,1057724,1.0,0.9881783905820422,745
valid,no_movement_count,numeric,1057724,1057724,1.0,0.9881793360082592,745
valid,norm_count,numeric,1057724,1057724,1.0,0.9142403878516513,253
valid,open_count,numeric,1057724,1057724,1.0,0.9836431810188669,126
valid,value_min,numeric,1057724,30090,0.02844787487094932,0.984366432074908,85
valid,value_max,numeric,1057724,30090,0.02844787487094932,0.9716617945702282,178
valid,engineering_system,categorical,1057724,1057724,1.0,,7
valid,sensor_type,categorical,1057724,1057724,1.0,,20
valid,object_id,categorical,1057724,1057724,1.0,,79
valid,object_kind,categorical,1057724,1057724,1.0,,3
valid,year,numeric,1057724,1057724,1.0,0.0,1
valid,month,numeric,1057724,1057724,1.0,0.0,3
valid,dayofweek,numeric,1057724,1057724,1.0,0.14130434782608695,7
valid,is_weekend,numeric,1057724,1057724,1.0,0.717391304347826,2
valid,alarm_rate_1d,numeric,1057724,1057724,1.0,0.9855444331413488,657
valid,numeric_share_1d,numeric,1057724,1057724,1.0,0.9715521251290506,865
valid,text_share_1d,numeric,1057724,1057724,1.0,0.8555568371333164,865
valid,missing_share_1d,numeric,1057724,1057724,1.0,1.0,1
valid,value_mean_1d,numeric,1057724,30090,0.02844787487094932,0.9716617945702282,9341
valid,value_std_1d,numeric,1057724,30090,0.02844787487094932,0.9770582874171334,11047
valid,value_range_1d,numeric,1057724,30090,0.02844787487094932,0.9770847593512108,237
valid,events_count_sum_3d,numeric,1057724,1057724,1.0,0.6826478362975597,5634
valid,alarm_count_sum_3d,numeric,1057724,1057724,1.0,0.9615523520313428,200
valid,numeric_count_sum_3d,numeric,1057724,1057724,1.0,0.9600358883791991,5207
valid,text_count_sum_3d,numeric,1057724,1057724,1.0,0.7149473775767592,1633
valid,missing_count_sum_3d,numeric,1057724,1057724,1.0,1.0,1
valid,negative_count_sum_3d,numeric,1057724,1057724,1.0,0.9995480862682514,13
valid,sentinel_count_sum_3d,numeric,1057724,1057724,1.0,0.9999858186067443,4
valid,fault_count_sum_3d,numeric,1057724,1057724,1.0,0.990258328259546,109
valid,no_power_count_sum_3d,numeric,1057724,1057724,1.0,0.9643319051094614,56
valid,undefined_count_sum_3d,numeric,1057724,1057724,1.0,0.8537860538287871,344
valid,movement_detected_count_sum_3d,numeric,1057724,1057724,1.0,0.9774251127893477,1370
valid,open_count_sum_3d,numeric,1057724,1057724,1.0,0.963501820890894,249
valid,alarm_rate_3d,numeric,1057724,1057724,1.0,0.9615523520313428,1691
valid,numeric_share_3d,numeric,1057724,1057724,1.0,0.9600358883791991,2295
valid,events_count_sum_7d,numeric,1057724,1057724,1.0,0.5462058155057463,8008
valid,alarm_count_sum_7d,numeric,1057724,1057724,1.0,0.9221129519610031,283
valid,numeric_count_sum_7d,numeric,1057724,1057724,1.0,0.9481509354046992,7044
valid,text_count_sum_7d,numeric,1057724,1057724,1.0,0.5821357934584069,2556
valid,missing_count_sum_7d,numeric,1057724,1057724,1.0,1.0,1
valid,negative_count_sum_7d,numeric,1057724,1057724,1.0,0.9989732671282868,13
valid,sentinel_count_sum_7d,numeric,1057724,1057724,1.0,0.9999669100824033,4
valid,fault_count_sum_7d,numeric,1057724,1057724,1.0,0.9799947812472819,126
valid,no_power_count_sum_7d,numeric,1057724,1057724,1.0,0.9447322742038566,72
valid,undefined_count_sum_7d,numeric,1057724,1057724,1.0,0.7720936652661753,513
valid,movement_detected_count_sum_7d,numeric,1057724,1057724,1.0,0.965525978421592,2135
valid,open_count_sum_7d,numeric,1057724,1057724,1.0,0.9387155817585684,422
valid,alarm_rate_7d,numeric,1057724,1057724,1.0,0.9221129519610031,3227
valid,numeric_share_7d,numeric,1057724,1057724,1.0,0.9481509354046992,4344
valid,events_count_sum_14d,numeric,1057724,1057724,1.0,0.41530966490313165,10419
valid,alarm_count_sum_14d,numeric,1057724,1057724,1.0,0.8664746190877771,362
valid,numeric_count_sum_14d,numeric,1057724,1057724,1.0,0.9368370198652957,8823
valid,text_count_sum_14d,numeric,1057724,1057724,1.0,0.45156581490067355,3673
valid,missing_count_sum_14d,numeric,1057724,1057724,1.0,1.0,1
valid,negative_count_sum_14d,numeric,1057724,1057724,1.0,0.9981157655494249,13
valid,sentinel_count_sum_14d,numeric,1057724,1057724,1.0,0.9999338201648067,4
valid,fault_count_sum_14d,numeric,1057724,1057724,1.0,0.9652518048186484,137
valid,no_power_count_sum_14d,numeric,1057724,1057724,1.0,0.9327206341162723,96
valid,undefined_count_sum_14d,numeric,1057724,1057724,1.0,0.6678481342959033,733
valid,movement_detected_count_sum_14d,numeric,1057724,1057724,1.0,0.9554146450302725,3045
valid,open_count_sum_14d,numeric,1057724,1057724,1.0,0.9194581951435347,688
valid,alarm_rate_14d,numeric,1057724,1057724,1.0,0.8664746190877771,5629
valid,numeric_share_14d,numeric,1057724,1057724,1.0,0.9368370198652957,6437
