feature,shap,shap_norm
sensor_type,0.134040877616741,0.40275808505878086
alarm_count_sum_14d,0.07411446165702402,0.22269474195398212
object_id,0.05998391836898179,0.18023612293624675
dayofweek,0.016201657077475826,0.04868177898656362
alarm_rate_14d,0.014144729307339008,0.042501244327776334
month,0.010430174044050769,0.03133996881774389
text_count,0.006497174377679023,0.01952232451155002
undefined_count_sum_14d,0.005524871276805248,0.01660080577810563
text_share_1d,0.005015135714699966,0.015069182570841253
events_count_sum_14d,0.001163273819212973,0.0034953362299286832
value_min,0.001069157686438407,0.0032125416520104024
events_count_sum_7d,0.000990103295289883,0.0029750037026879134
numeric_count_sum_14d,0.0009620586298420383,0.0028907367540322642
alarm_count_sum_7d,0.0009155062187139437,0.002750858828028005
numeric_share_14d,0.0008744261464463834,0.002627423861510802
norm_count,0.0006215366931259714,0.0018675566198017688
text_count_sum_7d,0.000208586206295189,0.0006267474707031742
undefined_count_sum_7d,4.976800094302e-05,0.00014953993970650404
fault_count_sum_7d,0.0,0.0
open_count_sum_3d,0.0,0.0
alarm_rate_3d,0.0,0.0
numeric_share_3d,0.0,0.0
open_count_sum_14d,0.0,0.0
movement_detected_count_sum_14d,0.0,0.0
numeric_count_sum_7d,0.0,0.0
missing_count_sum_7d,0.0,0.0
negative_count_sum_7d,0.0,0.0
sentinel_count_sum_7d,0.0,0.0
no_power_count_sum_14d,0.0,0.0
text_count_sum_14d,0.0,0.0
no_power_count_sum_7d,0.0,0.0
movement_detected_count_sum_7d,0.0,0.0
fault_count_sum_14d,0.0,0.0
sentinel_count_sum_14d,0.0,0.0
open_count_sum_7d,0.0,0.0
alarm_rate_7d,0.0,0.0
undefined_count_sum_3d,0.0,0.0
negative_count_sum_14d,0.0,0.0
numeric_share_7d,0.0,0.0
missing_count_sum_14d,0.0,0.0
movement_detected_count_sum_3d,0.0,0.0
events_count,0.0,0.0
no_power_count_sum_3d,0.0,0.0
object_kind,0.0,0.0
numeric_count,0.0,0.0
missing_count,0.0,0.0
negative_count,0.0,0.0
sentinel_count,0.0,0.0
fault_count,0.0,0.0
no_power_count,0.0,0.0
undefined_count,0.0,0.0
off_count,0.0,0.0
on_count,0.0,0.0
movement_detected_count,0.0,0.0
no_movement_count,0.0,0.0
open_count,0.0,0.0
value_max,0.0,0.0
engineering_system,0.0,0.0
year,0.0,0.0
fault_count_sum_3d,0.0,0.0
is_weekend,0.0,0.0
alarm_rate_1d,0.0,0.0
numeric_share_1d,0.0,0.0
missing_share_1d,0.0,0.0
value_mean_1d,0.0,0.0
value_std_1d,0.0,0.0
value_range_1d,0.0,0.0
events_count_sum_3d,0.0,0.0
alarm_count_sum_3d,0.0,0.0
numeric_count_sum_3d,0.0,0.0
text_count_sum_3d,0.0,0.0
alarm_count,0.0,0.0
negative_count_sum_3d,0.0,0.0
sentinel_count_sum_3d,0.0,0.0
missing_count_sum_3d,0.0,0.0
