feature,gain,gain_norm
sensor_type,3973377.2700195312,0.6196461101490469
alarm_count_sum_14d,1223645.66015625,0.19082690164804206
object_id,565620.9897460938,0.08820829795331721
dayofweek,212293.2412109375,0.033107020095940735
month,156776.26147460938,0.024449176100001715
alarm_rate_14d,91902.0,0.014332068903851606
text_count,60369.5,0.009414591996812579
events_count_sum_14d,18059.5,0.0028163695933614945
text_share_1d,17224.0,0.0026860738047043598
value_min,16997.39013671875,0.0026507341148734606
undefined_count_sum_14d,15739.97998046875,0.002454641657693227
norm_count,12955.2998046875,0.0020203722385893287
numeric_count_sum_14d,12356.099609375,0.001926927281064791
events_count_sum_7d,12350.9296875,0.001926121034448395
alarm_count_sum_7d,7400.47021484375,0.0011540994650828286
undefined_count_sum_7d,7057.2099609375,0.001100568207755045
numeric_share_14d,4325.22021484375,0.0006745158336431467
text_count_sum_7d,3882.090087890625,0.0006054099217711015
text_count_sum_14d,0.0,0.0
numeric_share_7d,0.0,0.0
open_count_sum_3d,0.0,0.0
alarm_rate_3d,0.0,0.0
numeric_share_3d,0.0,0.0
open_count_sum_14d,0.0,0.0
movement_detected_count_sum_14d,0.0,0.0
numeric_count_sum_7d,0.0,0.0
missing_count_sum_7d,0.0,0.0
negative_count_sum_7d,0.0,0.0
sentinel_count_sum_7d,0.0,0.0
fault_count_sum_7d,0.0,0.0
no_power_count_sum_14d,0.0,0.0
no_power_count_sum_7d,0.0,0.0
fault_count_sum_14d,0.0,0.0
movement_detected_count_sum_7d,0.0,0.0
sentinel_count_sum_14d,0.0,0.0
negative_count_sum_14d,0.0,0.0
open_count_sum_7d,0.0,0.0
alarm_rate_7d,0.0,0.0
undefined_count_sum_3d,0.0,0.0
missing_count_sum_14d,0.0,0.0
movement_detected_count_sum_3d,0.0,0.0
events_count,0.0,0.0
no_power_count_sum_3d,0.0,0.0
object_kind,0.0,0.0
numeric_count,0.0,0.0
missing_count,0.0,0.0
negative_count,0.0,0.0
sentinel_count,0.0,0.0
fault_count,0.0,0.0
no_power_count,0.0,0.0
undefined_count,0.0,0.0
off_count,0.0,0.0
on_count,0.0,0.0
movement_detected_count,0.0,0.0
no_movement_count,0.0,0.0
open_count,0.0,0.0
value_max,0.0,0.0
engineering_system,0.0,0.0
year,0.0,0.0
fault_count_sum_3d,0.0,0.0
is_weekend,0.0,0.0
alarm_rate_1d,0.0,0.0
numeric_share_1d,0.0,0.0
missing_share_1d,0.0,0.0
value_mean_1d,0.0,0.0
value_std_1d,0.0,0.0
value_range_1d,0.0,0.0
events_count_sum_3d,0.0,0.0
alarm_count_sum_3d,0.0,0.0
numeric_count_sum_3d,0.0,0.0
text_count_sum_3d,0.0,0.0
alarm_count,0.0,0.0
negative_count_sum_3d,0.0,0.0
sentinel_count_sum_3d,0.0,0.0
missing_count_sum_3d,0.0,0.0
