feature,split,split_norm
object_id,14,0.22580645161290322
month,12,0.1935483870967742
dayofweek,10,0.16129032258064516
sensor_type,8,0.12903225806451613
events_count_sum_7d,2,0.03225806451612903
undefined_count_sum_14d,2,0.03225806451612903
value_min,2,0.03225806451612903
alarm_count_sum_14d,2,0.03225806451612903
norm_count,1,0.016129032258064516
alarm_count_sum_7d,1,0.016129032258064516
text_count_sum_7d,1,0.016129032258064516
text_share_1d,1,0.016129032258064516
undefined_count_sum_7d,1,0.016129032258064516
events_count_sum_14d,1,0.016129032258064516
numeric_share_14d,1,0.016129032258064516
numeric_count_sum_14d,1,0.016129032258064516
alarm_rate_14d,1,0.016129032258064516
text_count,1,0.016129032258064516
text_count_sum_14d,0,0.0
open_count_sum_3d,0,0.0
alarm_rate_3d,0,0.0
numeric_share_3d,0,0.0
numeric_count_sum_7d,0,0.0
open_count_sum_14d,0,0.0
missing_count_sum_7d,0,0.0
negative_count_sum_7d,0,0.0
sentinel_count_sum_7d,0,0.0
fault_count_sum_7d,0,0.0
movement_detected_count_sum_14d,0,0.0
no_power_count_sum_7d,0,0.0
no_power_count_sum_14d,0,0.0
movement_detected_count_sum_7d,0,0.0
fault_count_sum_14d,0,0.0
sentinel_count_sum_14d,0,0.0
open_count_sum_7d,0,0.0
alarm_rate_7d,0,0.0
undefined_count_sum_3d,0,0.0
negative_count_sum_14d,0,0.0
numeric_share_7d,0,0.0
missing_count_sum_14d,0,0.0
movement_detected_count_sum_3d,0,0.0
events_count,0,0.0
no_power_count_sum_3d,0,0.0
object_kind,0,0.0
numeric_count,0,0.0
missing_count,0,0.0
negative_count,0,0.0
sentinel_count,0,0.0
fault_count,0,0.0
no_power_count,0,0.0
undefined_count,0,0.0
off_count,0,0.0
on_count,0,0.0
movement_detected_count,0,0.0
no_movement_count,0,0.0
open_count,0,0.0
value_max,0,0.0
engineering_system,0,0.0
year,0,0.0
fault_count_sum_3d,0,0.0
is_weekend,0,0.0
alarm_rate_1d,0,0.0
numeric_share_1d,0,0.0
missing_share_1d,0,0.0
value_mean_1d,0,0.0
value_std_1d,0,0.0
value_range_1d,0,0.0
events_count_sum_3d,0,0.0
alarm_count_sum_3d,0,0.0
numeric_count_sum_3d,0,0.0
text_count_sum_3d,0,0.0
alarm_count,0,0.0
negative_count_sum_3d,0,0.0
sentinel_count_sum_3d,0,0.0
missing_count_sum_3d,0,0.0
