feature,split,gain,shap,permutation,split_norm,gain_norm,shap_norm,permutation_norm,total_normalized_importance
sensor_type,8,3973377.2700195312,0.134040877616741,0.008281827800025052,0.12903225806451613,0.6196461101490469,0.40275808505878086,0.27105999301168643,1.4224964462840304
alarm_count_sum_14d,2,1223645.66015625,0.07411446165702402,0.010949361033326572,0.03225806451612903,0.19082690164804206,0.22269474195398212,0.358366992992411,0.8041467011105642
object_id,14,565620.9897460938,0.05998391836898179,0.004896561607572491,0.22580645161290322,0.08820829795331721,0.18023612293624675,0.16026195994148498,0.6545128324439522
dayofweek,10,212293.2412109375,0.016201657077475826,0.0015356134736915967,0.16129032258064516,0.033107020095940735,0.04868177898656362,0.05025984450512683,0.29333896616827637
month,12,156776.26147460938,0.010430174044050769,0.00019252570025676263,0.1935483870967742,0.024449176100001715,0.03133996881774389,0.0063012678150601315,0.25563879982957993
text_share_1d,1,17224.0,0.005015135714699966,0.0017347352999968243,0.016129032258064516,0.0026860738047043598,0.015069182570841253,0.0567770001560335,0.09066128878964363
alarm_rate_14d,1,91902.0,0.014144729307339008,0.0003422683005343388,0.016129032258064516,0.014332068903851606,0.042501244327776334,0.011202266624123606,0.08416461211381607
norm_count,1,12955.2998046875,0.0006215366931259714,0.0016239290627484803,0.016129032258064516,0.0020203722385893287,0.0018675566198017688,0.053150368617752,0.07316732973420761
undefined_count_sum_14d,2,15739.97998046875,0.005524871276805248,0.00018091153402522987,0.03225806451612903,0.002454641657693227,0.01660080577810563,0.00592114208755511,0.057234654039482996
events_count_sum_7d,2,12350.9296875,0.000990103295289883,0.00040883022180293464,0.03225806451612903,0.001926121034448395,0.0029750037026879134,0.013380804303191919,0.050539993556457254
text_count,1,60369.5,0.006497174377679023,0.0,0.016129032258064516,0.009414591996812579,0.01952232451155002,0.0,0.04506594876642711
value_min,2,16997.39013671875,0.001069157686438407,0.00013704662479971513,0.03225806451612903,0.0026507341148734606,0.0032125416520104024,0.004485466017582933,0.04260680630059583
numeric_share_14d,1,4325.22021484375,0.0008744261464463834,0.00011202637294274175,0.016129032258064516,0.0006745158336431467,0.002627423861510802,0.003666565956236412,0.02309753790945488
events_count_sum_14d,1,18059.5,0.001163273819212973,0.0,0.016129032258064516,0.0028163695933614945,0.0034953362299286832,0.0,0.022440738081354692
numeric_count_sum_14d,1,12356.099609375,0.0009620586298420383,0.0,0.016129032258064516,0.001926927281064791,0.0028907367540322642,0.0,0.020946696293161572
text_count_sum_7d,1,3882.090087890625,0.000208586206295189,8.948577554358516e-05,0.016129032258064516,0.0006054099217711015,0.0006267474707031742,0.0029288237185294,0.020290013369068192
alarm_count_sum_7d,1,7400.47021484375,0.0009155062187139437,0.0,0.016129032258064516,0.0011540994650828286,0.002750858828028005,0.0,0.02003399055117535
undefined_count_sum_7d,1,7057.2099609375,4.976800094302e-05,6.836355568798774e-05,0.016129032258064516,0.001100568207755045,0.00014953993970650404,0.0022375042532258326,0.0196166446587519
movement_detected_count_sum_14d,0,0.0,0.0,0.0,0.0,0.0,0.0,0.0,0.0
open_count_sum_3d,0,0.0,0.0,0.0,0.0,0.0,0.0,0.0,0.0
alarm_rate_3d,0,0.0,0.0,0.0,0.0,0.0,0.0,0.0,0.0
numeric_share_3d,0,0.0,0.0,0.0,0.0,0.0,0.0,0.0,0.0
open_count_sum_14d,0,0.0,0.0,0.0,0.0,0.0,0.0,0.0,0.0
numeric_count_sum_7d,0,0.0,0.0,0.0,0.0,0.0,0.0,0.0,0.0
missing_count_sum_7d,0,0.0,0.0,0.0,0.0,0.0,0.0,0.0,0.0
negative_count_sum_7d,0,0.0,0.0,0.0,0.0,0.0,0.0,0.0,0.0
sentinel_count_sum_7d,0,0.0,0.0,0.0,0.0,0.0,0.0,0.0,0.0
fault_count_sum_7d,0,0.0,0.0,0.0,0.0,0.0,0.0,0.0,0.0
no_power_count_sum_7d,0,0.0,0.0,0.0,0.0,0.0,0.0,0.0,0.0
text_count_sum_14d,0,0.0,0.0,0.0,0.0,0.0,0.0,0.0,0.0
movement_detected_count_sum_7d,0,0.0,0.0,0.0,0.0,0.0,0.0,0.0,0.0
no_power_count_sum_14d,0,0.0,0.0,0.0,0.0,0.0,0.0,0.0,0.0
fault_count_sum_14d,0,0.0,0.0,0.0,0.0,0.0,0.0,0.0,0.0
open_count_sum_7d,0,0.0,0.0,0.0,0.0,0.0,0.0,0.0,0.0
alarm_rate_7d,0,0.0,0.0,0.0,0.0,0.0,0.0,0.0,0.0
undefined_count_sum_3d,0,0.0,0.0,0.0,0.0,0.0,0.0,0.0,0.0
sentinel_count_sum_14d,0,0.0,0.0,0.0,0.0,0.0,0.0,0.0,0.0
numeric_share_7d,0,0.0,0.0,0.0,0.0,0.0,0.0,0.0,0.0
negative_count_sum_14d,0,0.0,0.0,0.0,0.0,0.0,0.0,0.0,0.0
missing_count_sum_14d,0,0.0,0.0,0.0,0.0,0.0,0.0,0.0,0.0
movement_detected_count_sum_3d,0,0.0,0.0,0.0,0.0,0.0,0.0,0.0,0.0
events_count,0,0.0,0.0,0.0,0.0,0.0,0.0,0.0,0.0
no_power_count_sum_3d,0,0.0,0.0,0.0,0.0,0.0,0.0,0.0,0.0
object_kind,0,0.0,0.0,0.0,0.0,0.0,0.0,0.0,0.0
numeric_count,0,0.0,0.0,0.0,0.0,0.0,0.0,0.0,0.0
missing_count,0,0.0,0.0,0.0,0.0,0.0,0.0,0.0,0.0
negative_count,0,0.0,0.0,0.0,0.0,0.0,0.0,0.0,0.0
sentinel_count,0,0.0,0.0,0.0,0.0,0.0,0.0,0.0,0.0
fault_count,0,0.0,0.0,0.0,0.0,0.0,0.0,0.0,0.0
no_power_count,0,0.0,0.0,0.0,0.0,0.0,0.0,0.0,0.0
undefined_count,0,0.0,0.0,0.0,0.0,0.0,0.0,0.0,0.0
off_count,0,0.0,0.0,0.0,0.0,0.0,0.0,0.0,0.0
on_count,0,0.0,0.0,0.0,0.0,0.0,0.0,0.0,0.0
movement_detected_count,0,0.0,0.0,0.0,0.0,0.0,0.0,0.0,0.0
no_movement_count,0,0.0,0.0,0.0,0.0,0.0,0.0,0.0,0.0
open_count,0,0.0,0.0,0.0,0.0,0.0,0.0,0.0,0.0
value_max,0,0.0,0.0,0.0,0.0,0.0,0.0,0.0,0.0
engineering_system,0,0.0,0.0,0.0,0.0,0.0,0.0,0.0,0.0
year,0,0.0,0.0,0.0,0.0,0.0,0.0,0.0,0.0
fault_count_sum_3d,0,0.0,0.0,0.0,0.0,0.0,0.0,0.0,0.0
is_weekend,0,0.0,0.0,0.0,0.0,0.0,0.0,0.0,0.0
alarm_rate_1d,0,0.0,0.0,0.0,0.0,0.0,0.0,0.0,0.0
numeric_share_1d,0,0.0,0.0,0.0,0.0,0.0,0.0,0.0,0.0
missing_share_1d,0,0.0,0.0,0.0,0.0,0.0,0.0,0.0,0.0
value_mean_1d,0,0.0,0.0,0.0,0.0,0.0,0.0,0.0,0.0
value_std_1d,0,0.0,0.0,0.0,0.0,0.0,0.0,0.0,0.0
value_range_1d,0,0.0,0.0,0.0,0.0,0.0,0.0,0.0,0.0
events_count_sum_3d,0,0.0,0.0,0.0,0.0,0.0,0.0,0.0,0.0
alarm_count_sum_3d,0,0.0,0.0,0.0,0.0,0.0,0.0,0.0,0.0
numeric_count_sum_3d,0,0.0,0.0,0.0,0.0,0.0,0.0,0.0,0.0
text_count_sum_3d,0,0.0,0.0,0.0,0.0,0.0,0.0,0.0,0.0
alarm_count,0,0.0,0.0,0.0,0.0,0.0,0.0,0.0,0.0
negative_count_sum_3d,0,0.0,0.0,0.0,0.0,0.0,0.0,0.0,0.0
sentinel_count_sum_3d,0,0.0,0.0,0.0,0.0,0.0,0.0,0.0,0.0
missing_count_sum_3d,0,0.0,0.0,0.0,0.0,0.0,0.0,0.0,0.0
