model,cohort,rows,positives,prevalence,average_precision,roc_auc,precision,recall,f1,threshold,true_positive,false_positive,false_negative,calendar_days,false_alerts_per_calendar_day,all_alerts_per_calendar_day
always_positive,all_object_days,4602,1148,0.2494567579313342,0.2494567579313342,0.5,0.2494567579313342,1.0,0.3993043478260869,0.5,1148,3454,0,59,58.54237288135593,78.0
always_positive,no_alarm_on_feature_day,3413,658,0.19279226486961618,0.19279226486961618,0.5,0.19279226486961618,1.0,0.323262097764677,0.5,658,2755,0,59,46.69491525423729,57.847457627118644
persistence_alarm_today,all_object_days,4602,1148,0.2494567579313342,0.31888235659681996,0.6122276046153629,0.4121110176619008,0.4268292682926829,0.4193410355156183,0.5,490,699,658,59,11.847457627118644,20.152542372881356
persistence_alarm_today,no_alarm_on_feature_day,3413,658,0.19279226486961618,0.19279226486961618,0.5,0.0,0.0,0.0,0.5,0,0,658,59,0.0,0.0
frozen_object_frequency,all_object_days,4602,1148,0.2494567579313342,0.5392098134562823,0.7785662081432627,0.4703389830508475,0.676829268292683,0.555,0.3025830388069153,777,875,371,59,14.830508474576272,28.0
frozen_object_frequency,no_alarm_on_feature_day,3413,658,0.19279226486961618,0.4600305555177566,0.7741227610478875,0.4364705882352941,0.5638297872340425,0.49204244031830235,0.3025830388069153,371,479,287,59,8.11864406779661,14.40677966101695
lightgbm_object,all_object_days,4602,1148,0.2494567579313342,0.6265548093335904,0.8178809500271361,0.5615212527964206,0.6559233449477352,0.6050622740056247,0.3345231006565093,753,588,395,59,9.966101694915254,22.728813559322035
lightgbm_object,no_alarm_on_feature_day,3413,658,0.19279226486961618,0.514333120492734,0.7950049371410919,0.5226586102719033,0.5258358662613982,0.5242424242424242,0.3345231006565093,346,316,312,59,5.3559322033898304,11.220338983050848
gru_w28,all_object_days,4602,1148,0.2494567579313342,0.5752681156420633,0.7834827418193117,0.49601063829787234,0.6498257839721254,0.5625942684766214,0.31784868240356445,746,758,402,59,12.847457627118644,25.491525423728813
gru_w28,no_alarm_on_feature_day,3413,658,0.19279226486961618,0.48256164252654754,0.7591417097402348,0.45911047345767575,0.48632218844984804,0.47232472324723246,0.31784868240356445,320,377,338,59,6.389830508474576,11.813559322033898
gru_w56,all_object_days,4602,1148,0.2494567579313342,0.5703535431072561,0.784641323799705,0.4746376811594203,0.6846689895470384,0.5606276747503566,0.2892313599586487,786,870,362,59,14.745762711864407,28.06779661016949
gru_w56,no_alarm_on_feature_day,3413,658,0.19279226486961618,0.4828075390980922,0.7614122430066362,0.4312267657992565,0.5288753799392097,0.47508532423208194,0.2892313599586487,348,459,310,59,7.779661016949152,13.677966101694915
