feature,importance
engineering_system,37.11262312509702
historical_alarm_day_rate,13.98396992444937
dayofweek,12.62266077247636
alarm_days_90d,7.232718388908113
channel_category,4.088968125729384
annual_cos,2.453390215543972
sensor_type,2.366959273487221
other_object_fault_count,2.3379126308614984
annual_sin,1.4086458942735367
days_since_alarm,1.2935210097791556
alarm_day_rate_90d,1.0794523187609917
alarm_rate_14d,0.9138007486584662
other_object_events_count,0.8581536301663859
object_kind,0.7586184498824013
other_object_alarm_count,0.7138838972777162
days_since_fault,0.695226806662878
text_share_1d,0.6500064779296267
alarm_day_rate_28d,0.6430718422498068
observed_days_7d,0.6403312654172949
alarm_rate_7d,0.5972220125109641
alarm_trend_7_28,0.5249578050728605
alarm_days_28d,0.48917812679483336
alarm_rate_1d,0.4469070637108391
observed_days_90d,0.39907092608102807
object_id,0.37809605267908963
observed_days_28d,0.36454191111198453
alarm_count,0.3470507371573254
alarm_days_7d,0.29391306339104684
observed_days_3d,0.24922716091340177
other_object_no_power_count,0.2370752752702343
events_count_sum_14d,0.23658784837145017
numeric_count_sum_3d,0.2052784763581855
open_count_sum_7d,0.20012171717399074
fault_count_sum_14d,0.19860594260659936
undefined_count,0.19635045839469412
numeric_count_sum_7d,0.19212481649970553
events_count,0.18988475339359917
alarm_days_3d,0.18250846917567104
alarm_day_rate_7d,0.1817036956862485
value_range_1d,0.16149576732105425
alarm_rate_3d,0.16091025265872097
events_count_sum_7d,0.15355219580107562
open_count_sum_14d,0.1477694776984443
events_trend_1_7,0.1437045852376148
no_power_count_sum_7d,0.13715696966907948
events_count_sum_3d,0.09938195773119664
on_count,0.07622095712695577
text_count_sum_7d,0.07246442470147473
off_count,0.06538378048294276
text_count_sum_14d,0.06296087492633293
no_power_count,0.059583298788882244
text_count,0.05513290581767795
alarm_day_rate_3d,0.05436299561680762
alarm_count_sum_14d,0.05385740140204135
alarm_count_sum_3d,0.053696966847783544
undefined_count_sum_14d,0.04842931411669958
numeric_share_3d,0.04080601514091005
days_since_observed,0.039560477039148764
value_mean_1d,0.039268900493715786
numeric_count_sum_14d,0.03621961397356765
norm_count,0.035878439912110836
fault_count_sum_7d,0.033499668424920345
alarm_count_sum_7d,0.03219440795165838
undefined_count_sum_3d,0.032121639362882946
movement_detected_count_sum_14d,0.027371839108805078
numeric_share_14d,0.023198863581802377
open_count_sum_3d,0.020333998074155202
fault_count_sum_3d,0.0135509934161873
no_power_count_sum_14d,0.011739267943633358
negative_count,0.0100115154677752
no_power_count_sum_3d,0.007992640760477227
text_count_sum_3d,0.007214224896506227
fault_count,0.005487730946896292
open_count,0.0046333957359118196
value_std_1d,0.003804878527379755
movement_detected_count_sum_3d,0.0027690124145900224
undefined_count_sum_7d,0.0019378496763898837
value_min,1.939124082954507e-05
sentinel_count,0.0
numeric_count,0.0
seen_before_or_today,0.0
missing_count,0.0
movement_detected_count,0.0
no_movement_count,0.0
sentinel_count_sum_3d,0.0
value_max,0.0
is_weekend,0.0
numeric_share_1d,0.0
missing_share_1d,0.0
sentinel_count_sum_14d,0.0
negative_count_sum_14d,0.0
missing_count_sum_14d,0.0
numeric_share_7d,0.0
movement_detected_count_sum_7d,0.0
sentinel_count_sum_7d,0.0
negative_count_sum_7d,0.0
missing_count_sum_3d,0.0
negative_count_sum_3d,0.0
missing_count_sum_7d,0.0
