target_month,model,k,rows,objects,days,feature_start,feature_end,issue_start,issue_end,onsets,onset_prevalence,average_precision,precision_at_k,recall,tp,warnings,warnings_per_day,warning_partition,undefined_recall,date_semantics
2026-01,hurdle_15,10,2340,78,30,2025-12-31,2026-01-29,2026-01-01,2026-01-30,324,0.13846153846153847,0.24112916732734357,0.25666666666666665,0.23765432098765432,77,300,10.0,"{'onset': 77, 'repeat_alarm': 53, 'no_alarm': 170}",False,feature_day_D; issue_day_D_plus_1; target_day_D_plus_2
2026-01,logistic,10,2340,78,30,2025-12-31,2026-01-29,2026-01-01,2026-01-30,324,0.13846153846153847,0.2154195221373297,0.21,0.19444444444444445,63,300,10.0,"{'onset': 63, 'repeat_alarm': 61, 'no_alarm': 176}",False,feature_day_D; issue_day_D_plus_1; target_day_D_plus_2
2026-01,selected,10,2340,78,30,2025-12-31,2026-01-29,2026-01-01,2026-01-30,324,0.13846153846153847,0.24112916732734357,0.25666666666666665,0.23765432098765432,77,300,10.0,"{'onset': 77, 'repeat_alarm': 53, 'no_alarm': 170}",False,feature_day_D; issue_day_D_plus_1; target_day_D_plus_2
2026-01,any_alarm_refit,10,2340,78,30,2025-12-31,2026-01-29,2026-01-01,2026-01-30,324,0.13846153846153847,0.196785948563802,0.2,0.18518518518518517,60,300,10.0,"{'onset': 60, 'repeat_alarm': 139, 'no_alarm': 101}",False,feature_day_D; issue_day_D_plus_1; target_day_D_plus_2
2026-01,any_alarm_previous,10,2340,78,30,2025-12-31,2026-01-29,2026-01-01,2026-01-30,324,0.13846153846153847,0.19534525682765375,0.19666666666666666,0.18209876543209877,59,300,10.0,"{'onset': 59, 'repeat_alarm': 135, 'no_alarm': 106}",False,feature_day_D; issue_day_D_plus_1; target_day_D_plus_2
2026-02,hurdle_15,10,2184,78,28,2026-01-30,2026-02-26,2026-01-31,2026-02-27,298,0.13644688644688643,0.2299487083382192,0.21071428571428572,0.19798657718120805,59,280,10.0,"{'onset': 59, 'repeat_alarm': 53, 'no_alarm': 168}",False,feature_day_D; issue_day_D_plus_1; target_day_D_plus_2
2026-02,logistic,10,2184,78,28,2026-01-30,2026-02-26,2026-01-31,2026-02-27,298,0.13644688644688643,0.21490546482161513,0.225,0.21140939597315436,63,280,10.0,"{'onset': 63, 'repeat_alarm': 54, 'no_alarm': 163}",False,feature_day_D; issue_day_D_plus_1; target_day_D_plus_2
2026-02,selected,10,2184,78,28,2026-01-30,2026-02-26,2026-01-31,2026-02-27,298,0.13644688644688643,0.2299487083382192,0.21071428571428572,0.19798657718120805,59,280,10.0,"{'onset': 59, 'repeat_alarm': 53, 'no_alarm': 168}",False,feature_day_D; issue_day_D_plus_1; target_day_D_plus_2
2026-02,any_alarm_refit,10,2184,78,28,2026-01-30,2026-02-26,2026-01-31,2026-02-27,298,0.13644688644688643,0.1914359586026254,0.175,0.1644295302013423,49,280,10.0,"{'onset': 49, 'repeat_alarm': 155, 'no_alarm': 76}",False,feature_day_D; issue_day_D_plus_1; target_day_D_plus_2
2026-02,any_alarm_previous,10,2184,78,28,2026-01-30,2026-02-26,2026-01-31,2026-02-27,298,0.13644688644688643,0.19037135553910256,0.17142857142857143,0.1610738255033557,48,280,10.0,"{'onset': 48, 'repeat_alarm': 158, 'no_alarm': 74}",False,feature_day_D; issue_day_D_plus_1; target_day_D_plus_2
2026-03,hurdle_15,10,2418,78,31,2026-02-27,2026-03-29,2026-02-28,2026-03-30,324,0.13399503722084366,0.23029648180901915,0.23548387096774193,0.22530864197530864,73,310,10.0,"{'onset': 73, 'repeat_alarm': 67, 'no_alarm': 170}",False,feature_day_D; issue_day_D_plus_1; target_day_D_plus_2
2026-03,logistic,10,2418,78,31,2026-02-27,2026-03-29,2026-02-28,2026-03-30,324,0.13399503722084366,0.22281143011375318,0.24838709677419354,0.23765432098765432,77,310,10.0,"{'onset': 77, 'repeat_alarm': 80, 'no_alarm': 153}",False,feature_day_D; issue_day_D_plus_1; target_day_D_plus_2
2026-03,selected,10,2418,78,31,2026-02-27,2026-03-29,2026-02-28,2026-03-30,324,0.13399503722084366,0.23029648180901915,0.23548387096774193,0.22530864197530864,73,310,10.0,"{'onset': 73, 'repeat_alarm': 67, 'no_alarm': 170}",False,feature_day_D; issue_day_D_plus_1; target_day_D_plus_2
2026-03,any_alarm_refit,10,2418,78,31,2026-02-27,2026-03-29,2026-02-28,2026-03-30,324,0.13399503722084366,0.1832219556110288,0.15806451612903225,0.15123456790123457,49,310,10.0,"{'onset': 49, 'repeat_alarm': 176, 'no_alarm': 85}",False,feature_day_D; issue_day_D_plus_1; target_day_D_plus_2
2026-03,any_alarm_previous,10,2418,78,31,2026-02-27,2026-03-29,2026-02-28,2026-03-30,324,0.13399503722084366,0.1819233176831288,0.15806451612903225,0.15123456790123457,49,310,10.0,"{'onset': 49, 'repeat_alarm': 174, 'no_alarm': 87}",False,feature_day_D; issue_day_D_plus_1; target_day_D_plus_2
2026-04,hurdle_15,10,2340,78,30,2026-03-30,2026-04-28,2026-03-31,2026-04-29,339,0.14487179487179488,0.2748904650757398,0.24,0.21238938053097345,72,300,10.0,"{'onset': 72, 'repeat_alarm': 57, 'no_alarm': 171}",False,feature_day_D; issue_day_D_plus_1; target_day_D_plus_2
2026-04,logistic,10,2340,78,30,2026-03-30,2026-04-28,2026-03-31,2026-04-29,339,0.14487179487179488,0.23080821937873808,0.21,0.18584070796460178,63,300,10.0,"{'onset': 63, 'repeat_alarm': 70, 'no_alarm': 167}",False,feature_day_D; issue_day_D_plus_1; target_day_D_plus_2
2026-04,selected,10,2340,78,30,2026-03-30,2026-04-28,2026-03-31,2026-04-29,339,0.14487179487179488,0.2748904650757398,0.24,0.21238938053097345,72,300,10.0,"{'onset': 72, 'repeat_alarm': 57, 'no_alarm': 171}",False,feature_day_D; issue_day_D_plus_1; target_day_D_plus_2
2026-04,any_alarm_refit,10,2340,78,30,2026-03-30,2026-04-28,2026-03-31,2026-04-29,339,0.14487179487179488,0.19147708873292618,0.15666666666666668,0.13864306784660768,47,300,10.0,"{'onset': 47, 'repeat_alarm': 182, 'no_alarm': 71}",False,feature_day_D; issue_day_D_plus_1; target_day_D_plus_2
2026-04,any_alarm_previous,10,2340,78,30,2026-03-30,2026-04-28,2026-03-31,2026-04-29,339,0.14487179487179488,0.1889590964156802,0.16333333333333333,0.14454277286135694,49,300,10.0,"{'onset': 49, 'repeat_alarm': 174, 'no_alarm': 77}",False,feature_day_D; issue_day_D_plus_1; target_day_D_plus_2
2026-05,hurdle_15,10,2418,78,31,2026-04-29,2026-05-29,2026-04-30,2026-05-30,355,0.1468155500413565,0.2330224277982622,0.23870967741935484,0.2084507042253521,74,310,10.0,"{'onset': 74, 'repeat_alarm': 60, 'no_alarm': 176}",False,feature_day_D; issue_day_D_plus_1; target_day_D_plus_2
2026-05,logistic,10,2418,78,31,2026-04-29,2026-05-29,2026-04-30,2026-05-30,355,0.1468155500413565,0.22150034219518205,0.22903225806451613,0.2,71,310,10.0,"{'onset': 71, 'repeat_alarm': 62, 'no_alarm': 177}",False,feature_day_D; issue_day_D_plus_1; target_day_D_plus_2
2026-05,selected,10,2418,78,31,2026-04-29,2026-05-29,2026-04-30,2026-05-30,355,0.1468155500413565,0.2330224277982622,0.23870967741935484,0.2084507042253521,74,310,10.0,"{'onset': 74, 'repeat_alarm': 60, 'no_alarm': 176}",False,feature_day_D; issue_day_D_plus_1; target_day_D_plus_2
2026-05,any_alarm_refit,10,2418,78,31,2026-04-29,2026-05-29,2026-04-30,2026-05-30,355,0.1468155500413565,0.20048526735977126,0.16774193548387098,0.14647887323943662,52,310,10.0,"{'onset': 52, 'repeat_alarm': 167, 'no_alarm': 91}",False,feature_day_D; issue_day_D_plus_1; target_day_D_plus_2
2026-05,any_alarm_previous,10,2418,78,31,2026-04-29,2026-05-29,2026-04-30,2026-05-30,355,0.1468155500413565,0.20027817402829332,0.16774193548387098,0.14647887323943662,52,310,10.0,"{'onset': 52, 'repeat_alarm': 169, 'no_alarm': 89}",False,feature_day_D; issue_day_D_plus_1; target_day_D_plus_2
2026-06,hurdle_15,10,2340,78,30,2026-05-30,2026-06-28,2026-05-31,2026-06-29,360,0.15384615384615385,0.24929338986424485,0.26666666666666666,0.2222222222222222,80,300,10.0,"{'onset': 80, 'repeat_alarm': 43, 'no_alarm': 177}",False,feature_day_D; issue_day_D_plus_1; target_day_D_plus_2
2026-06,logistic,10,2340,78,30,2026-05-30,2026-06-28,2026-05-31,2026-06-29,360,0.15384615384615385,0.2501542465976725,0.26666666666666666,0.2222222222222222,80,300,10.0,"{'onset': 80, 'repeat_alarm': 62, 'no_alarm': 158}",False,feature_day_D; issue_day_D_plus_1; target_day_D_plus_2
2026-06,selected,10,2340,78,30,2026-05-30,2026-06-28,2026-05-31,2026-06-29,360,0.15384615384615385,0.24929338986424485,0.26666666666666666,0.2222222222222222,80,300,10.0,"{'onset': 80, 'repeat_alarm': 43, 'no_alarm': 177}",False,feature_day_D; issue_day_D_plus_1; target_day_D_plus_2
2026-06,any_alarm_refit,10,2340,78,30,2026-05-30,2026-06-28,2026-05-31,2026-06-29,360,0.15384615384615385,0.22985646574108,0.19666666666666666,0.1638888888888889,59,300,10.0,"{'onset': 59, 'repeat_alarm': 157, 'no_alarm': 84}",False,feature_day_D; issue_day_D_plus_1; target_day_D_plus_2
2026-06,any_alarm_previous,10,2340,78,30,2026-05-30,2026-06-28,2026-05-31,2026-06-29,360,0.15384615384615385,0.22700830599536614,0.19,0.15833333333333333,57,300,10.0,"{'onset': 57, 'repeat_alarm': 157, 'no_alarm': 86}",False,feature_day_D; issue_day_D_plus_1; target_day_D_plus_2
