model,records_on_intermediate_day,rows,onsets,warnings,true_onset_warnings,precision_within_original_warnings,recall_within_stratum,retrospective_stratum_not_selection_filter
hurdle_15,0,4566,726,338,110,0.3254437869822485,0.15151515151515152,True
hurdle_15,1,9474,1274,1462,325,0.22229822161422708,0.25510204081632654,True
logistic,0,4566,726,270,95,0.35185185185185186,0.13085399449035812,True
logistic,1,9474,1274,1530,322,0.21045751633986928,0.25274725274725274,True
selected,0,4566,726,338,110,0.3254437869822485,0.15151515151515152,True
selected,1,9474,1274,1462,325,0.22229822161422708,0.25510204081632654,True
any_alarm_refit,0,4566,726,69,35,0.5072463768115942,0.048209366391184574,True
any_alarm_refit,1,9474,1274,1731,281,0.16233391103408434,0.2205651491365777,True
any_alarm_previous,0,4566,726,65,35,0.5384615384615384,0.048209366391184574,True
any_alarm_previous,1,9474,1274,1735,279,0.16080691642651296,0.21899529042386184,True
