model,k,rows,objects,days,feature_start,feature_end,issue_start,issue_end,onsets,onset_prevalence,average_precision,precision_at_k,recall,tp,warnings,warnings_per_day,warning_partition,undefined_recall,date_semantics
direct_7,10,4602,78,59,2025-10-01,2025-11-28,2025-10-02,2025-11-29,582,0.12646675358539766,0.28078705167386864,0.2440677966101695,0.24742268041237114,144,590,10.0,"{'onset': 144, 'repeat_alarm': 98, 'no_alarm': 348}",False,feature_day_D; issue_day_D_plus_1; target_day_D_plus_2
direct_15,10,4602,78,59,2025-10-01,2025-11-28,2025-10-02,2025-11-29,582,0.12646675358539766,0.2804409765615161,0.2457627118644068,0.24914089347079038,145,590,10.0,"{'onset': 145, 'repeat_alarm': 89, 'no_alarm': 356}",False,feature_day_D; issue_day_D_plus_1; target_day_D_plus_2
hurdle_7,10,4602,78,59,2025-10-01,2025-11-28,2025-10-02,2025-11-29,582,0.12646675358539766,0.2789532800964698,0.24067796610169492,0.24398625429553264,142,590,10.0,"{'onset': 142, 'repeat_alarm': 91, 'no_alarm': 357}",False,feature_day_D; issue_day_D_plus_1; target_day_D_plus_2
hurdle_15,10,4602,78,59,2025-10-01,2025-11-28,2025-10-02,2025-11-29,582,0.12646675358539766,0.28565663901902444,0.26610169491525426,0.2697594501718213,157,590,10.0,"{'onset': 157, 'repeat_alarm': 92, 'no_alarm': 341}",False,feature_day_D; issue_day_D_plus_1; target_day_D_plus_2
joint_7,10,4602,78,59,2025-10-01,2025-11-28,2025-10-02,2025-11-29,582,0.12646675358539766,0.27444777887010235,0.2593220338983051,0.26288659793814434,153,590,10.0,"{'onset': 153, 'repeat_alarm': 87, 'no_alarm': 350}",False,feature_day_D; issue_day_D_plus_1; target_day_D_plus_2
joint_15,10,4602,78,59,2025-10-01,2025-11-28,2025-10-02,2025-11-29,582,0.12646675358539766,0.2760601587609779,0.2593220338983051,0.26288659793814434,153,590,10.0,"{'onset': 153, 'repeat_alarm': 90, 'no_alarm': 347}",False,feature_day_D; issue_day_D_plus_1; target_day_D_plus_2
logistic,10,4602,78,59,2025-10-01,2025-11-28,2025-10-02,2025-11-29,582,0.12646675358539766,0.23771756955299575,0.21525423728813559,0.218213058419244,127,590,10.0,"{'onset': 127, 'repeat_alarm': 119, 'no_alarm': 344}",False,feature_day_D; issue_day_D_plus_1; target_day_D_plus_2
frequency,10,4602,78,59,2025-10-01,2025-11-28,2025-10-02,2025-11-29,582,0.12646675358539766,0.18951072855952247,0.19661016949152543,0.19931271477663232,116,590,10.0,"{'onset': 116, 'repeat_alarm': 133, 'no_alarm': 341}",False,feature_day_D; issue_day_D_plus_1; target_day_D_plus_2
blend_tree0.25,10,4602,78,59,2025-10-01,2025-11-28,2025-10-02,2025-11-29,582,0.12646675358539766,0.27069312296357473,0.2457627118644068,0.24914089347079038,145,590,10.0,"{'onset': 145, 'repeat_alarm': 121, 'no_alarm': 324}",False,feature_day_D; issue_day_D_plus_1; target_day_D_plus_2
blend_tree0.50,10,4602,78,59,2025-10-01,2025-11-28,2025-10-02,2025-11-29,582,0.12646675358539766,0.28252542900150646,0.25084745762711863,0.2542955326460481,148,590,10.0,"{'onset': 148, 'repeat_alarm': 109, 'no_alarm': 333}",False,feature_day_D; issue_day_D_plus_1; target_day_D_plus_2
blend_tree0.75,10,4602,78,59,2025-10-01,2025-11-28,2025-10-02,2025-11-29,582,0.12646675358539766,0.28557071192957173,0.2593220338983051,0.26288659793814434,153,590,10.0,"{'onset': 153, 'repeat_alarm': 99, 'no_alarm': 338}",False,feature_day_D; issue_day_D_plus_1; target_day_D_plus_2
previous_any_alarm,10,4602,78,59,2025-10-01,2025-11-28,2025-10-02,2025-11-29,582,0.12646675358539766,0.2010745952639735,0.188135593220339,0.19072164948453607,111,590,10.0,"{'onset': 111, 'repeat_alarm': 260, 'no_alarm': 219}",False,feature_day_D; issue_day_D_plus_1; target_day_D_plus_2
