gap,target_month,model,threshold,rows,target_calendar_days,known_context_rows,unknown_context_rows,alarm_days,registered_episode_starts,repeated_alarm_days,warned_episode_starts,missed_episode_starts,episode_start_recall,warnings_total,warnings_on_repeated_alarm_days,warnings_on_no_alarm_days,warnings_with_unknown_context,warnings_without_new_episode_known_context,episode_start_fraction_of_warnings,any_alarm_true_warnings,original_any_alarm_precision,original_any_alarm_recall,starts_with_records_every_gap_day,starts_with_some_record_free_gap_days,starts_with_no_records_in_gap
1,2026-01,previous_frozen,0.3345231006565093,2340,30,2340,0,651,324,327,148,176,0.4567901234567901,668,227,293,0,520,0.2215568862275449,375,0.561377245508982,0.576036866359447,209,115,115
1,2026-02,previous_frozen,0.3345231006565093,2184,28,2184,0,587,298,289,137,161,0.4597315436241611,626,219,270,0,489,0.21884984025559107,356,0.5686900958466453,0.606473594548552,182,116,116
1,2026-03,previous_frozen,0.3345231006565093,2418,31,2418,0,729,324,405,155,169,0.4783950617283951,742,289,298,0,587,0.20889487870619947,444,0.5983827493261455,0.6090534979423868,220,104,104
1,2026-04,previous_frozen,0.3345231006565093,2340,30,2340,0,780,339,441,162,177,0.4778761061946903,783,313,308,0,621,0.20689655172413793,475,0.6066411238825032,0.6089743589743589,218,121,121
1,2026-05,previous_frozen,0.3345231006565093,2418,31,2418,0,754,355,399,143,212,0.4028169014084507,675,249,283,0,532,0.21185185185185185,392,0.5807407407407408,0.519893899204244,232,123,123
1,2026-06,previous_frozen,0.3345231006565093,2340,30,2340,0,702,360,342,214,146,0.5944444444444444,906,248,444,0,692,0.23620309050772628,462,0.5099337748344371,0.6581196581196581,213,147,147
1,2026-01,lightgbm_control,0.33436293415247464,2340,30,2340,0,651,324,327,146,178,0.4506172839506173,663,226,291,0,517,0.22021116138763197,372,0.5610859728506787,0.5714285714285714,209,115,115
1,2026-02,lightgbm_control,0.33436293415247464,2184,28,2184,0,587,298,289,133,165,0.4463087248322148,613,217,263,0,480,0.2169657422512235,350,0.5709624796084829,0.596252129471891,182,116,116
1,2026-03,lightgbm_control,0.33436293415247464,2418,31,2418,0,729,324,405,154,170,0.47530864197530864,723,289,280,0,569,0.21300138312586445,443,0.6127247579529738,0.607681755829904,220,104,104
1,2026-04,lightgbm_control,0.33436293415247464,2340,30,2340,0,780,339,441,165,174,0.48672566371681414,791,316,310,0,626,0.20859671302149177,481,0.6080910240202275,0.6166666666666667,218,121,121
1,2026-05,lightgbm_control,0.33436293415247464,2418,31,2418,0,754,355,399,146,209,0.4112676056338028,697,251,300,0,551,0.20946915351506457,397,0.569583931133429,0.5265251989389921,232,123,123
1,2026-06,lightgbm_control,0.33436293415247464,2340,30,2340,0,702,360,342,213,147,0.5916666666666667,906,250,443,0,693,0.23509933774834438,463,0.5110375275938189,0.6595441595441596,213,147,147
1,2026-01,selected,0.38214568548191574,2340,30,2340,0,651,324,327,125,199,0.38580246913580246,556,203,228,0,431,0.22482014388489208,328,0.5899280575539568,0.5038402457757296,209,115,115
1,2026-02,selected,0.38214568548191574,2184,28,2184,0,587,298,289,113,185,0.37919463087248323,528,206,209,0,415,0.21401515151515152,319,0.6041666666666666,0.5434412265758092,182,116,116
1,2026-03,selected,0.38214568548191574,2418,31,2418,0,729,324,405,123,201,0.37962962962962965,602,254,225,0,479,0.20431893687707642,377,0.6262458471760798,0.5171467764060357,220,104,104
1,2026-04,selected,0.38214568548191574,2340,30,2340,0,780,339,441,137,202,0.40412979351032446,665,299,229,0,528,0.20601503759398496,436,0.6556390977443609,0.558974358974359,218,121,121
1,2026-05,selected,0.38214568548191574,2418,31,2418,0,754,355,399,116,239,0.3267605633802817,554,229,209,0,438,0.20938628158844766,345,0.6227436823104693,0.45755968169761274,232,123,123
1,2026-06,selected,0.38214568548191574,2340,30,2340,0,702,360,342,174,186,0.48333333333333334,697,231,292,0,523,0.24964131994261118,405,0.5810616929698709,0.5769230769230769,213,147,147
3,2026-01,previous_frozen,0.3345231006565093,2340,30,2340,0,651,165,486,52,113,0.3151515151515151,668,323,293,0,616,0.07784431137724551,375,0.561377245508982,0.576036866359447,73,92,53
3,2026-02,previous_frozen,0.3345231006565093,2184,28,2184,0,587,157,430,54,103,0.34394904458598724,626,302,270,0,572,0.08626198083067092,356,0.5686900958466453,0.606473594548552,63,94,48
3,2026-03,previous_frozen,0.3345231006565093,2418,31,2418,0,729,178,551,63,115,0.3539325842696629,742,381,298,0,679,0.08490566037735849,444,0.5983827493261455,0.6090534979423868,80,98,59
3,2026-04,previous_frozen,0.3345231006565093,2340,30,2340,0,780,159,621,53,106,0.3333333333333333,783,422,308,0,730,0.06768837803320563,475,0.6066411238825032,0.6089743589743589,83,76,49
3,2026-05,previous_frozen,0.3345231006565093,2418,31,2418,0,754,174,580,53,121,0.3045977011494253,675,339,283,0,622,0.07851851851851852,392,0.5807407407407408,0.519893899204244,89,85,61
3,2026-06,previous_frozen,0.3345231006565093,2340,30,2340,0,702,166,536,78,88,0.46987951807228917,906,384,444,0,828,0.08609271523178808,462,0.5099337748344371,0.6581196581196581,71,95,57
3,2026-01,lightgbm_control,0.33436293415247464,2340,30,2340,0,651,165,486,52,113,0.3151515151515151,663,320,291,0,611,0.0784313725490196,372,0.5610859728506787,0.5714285714285714,73,92,53
3,2026-02,lightgbm_control,0.33436293415247464,2184,28,2184,0,587,157,430,54,103,0.34394904458598724,613,296,263,0,559,0.08809135399673736,350,0.5709624796084829,0.596252129471891,63,94,48
3,2026-03,lightgbm_control,0.33436293415247464,2418,31,2418,0,729,178,551,59,119,0.33146067415730335,723,384,280,0,664,0.08160442600276625,443,0.6127247579529738,0.607681755829904,80,98,59
3,2026-04,lightgbm_control,0.33436293415247464,2340,30,2340,0,780,159,621,56,103,0.3522012578616352,791,425,310,0,735,0.07079646017699115,481,0.6080910240202275,0.6166666666666667,83,76,49
3,2026-05,lightgbm_control,0.33436293415247464,2418,31,2418,0,754,174,580,54,120,0.3103448275862069,697,343,300,0,643,0.07747489239598278,397,0.569583931133429,0.5265251989389921,89,85,61
3,2026-06,lightgbm_control,0.33436293415247464,2340,30,2340,0,702,166,536,78,88,0.46987951807228917,906,385,443,0,828,0.08609271523178808,463,0.5110375275938189,0.6595441595441596,71,95,57
3,2026-01,selected,0.38214568548191574,2340,30,2340,0,651,165,486,41,124,0.24848484848484848,556,287,228,0,515,0.0737410071942446,328,0.5899280575539568,0.5038402457757296,73,92,53
3,2026-02,selected,0.38214568548191574,2184,28,2184,0,587,157,430,40,117,0.25477707006369427,528,279,209,0,488,0.07575757575757576,319,0.6041666666666666,0.5434412265758092,63,94,48
3,2026-03,selected,0.38214568548191574,2418,31,2418,0,729,178,551,46,132,0.25842696629213485,602,331,225,0,556,0.07641196013289037,377,0.6262458471760798,0.5171467764060357,80,98,59
3,2026-04,selected,0.38214568548191574,2340,30,2340,0,780,159,621,44,115,0.27672955974842767,665,392,229,0,621,0.06616541353383458,436,0.6556390977443609,0.558974358974359,83,76,49
3,2026-05,selected,0.38214568548191574,2418,31,2418,0,754,174,580,44,130,0.25287356321839083,554,301,209,0,510,0.07942238267148015,345,0.6227436823104693,0.45755968169761274,89,85,61
3,2026-06,selected,0.38214568548191574,2340,30,2340,0,702,166,536,60,106,0.3614457831325301,697,345,292,0,637,0.08608321377331421,405,0.5810616929698709,0.5769230769230769,71,95,57
7,2026-01,previous_frozen,0.3345231006565093,2340,30,2340,0,651,70,581,9,61,0.12857142857142856,668,366,293,0,659,0.01347305389221557,375,0.561377245508982,0.576036866359447,23,47,18
7,2026-02,previous_frozen,0.3345231006565093,2184,28,2184,0,587,51,536,10,41,0.19607843137254902,626,346,270,0,616,0.01597444089456869,356,0.5686900958466453,0.606473594548552,15,36,15
7,2026-03,previous_frozen,0.3345231006565093,2418,31,2418,0,729,65,664,7,58,0.1076923076923077,742,437,298,0,735,0.009433962264150943,444,0.5983827493261455,0.6090534979423868,23,42,20
7,2026-04,previous_frozen,0.3345231006565093,2340,30,2340,0,780,54,726,6,48,0.1111111111111111,783,469,308,0,777,0.007662835249042145,475,0.6066411238825032,0.6089743589743589,18,36,12
7,2026-05,previous_frozen,0.3345231006565093,2418,31,2418,0,754,63,691,8,55,0.12698412698412698,675,384,283,0,667,0.011851851851851851,392,0.5807407407407408,0.519893899204244,23,40,18
7,2026-06,previous_frozen,0.3345231006565093,2340,30,2340,0,702,54,648,11,43,0.2037037037037037,906,451,444,0,895,0.012141280353200883,462,0.5099337748344371,0.6581196581196581,18,36,11
7,2026-01,lightgbm_control,0.33436293415247464,2340,30,2340,0,651,70,581,9,61,0.12857142857142856,663,363,291,0,654,0.013574660633484163,372,0.5610859728506787,0.5714285714285714,23,47,18
7,2026-02,lightgbm_control,0.33436293415247464,2184,28,2184,0,587,51,536,9,42,0.17647058823529413,613,341,263,0,604,0.01468189233278956,350,0.5709624796084829,0.596252129471891,15,36,15
7,2026-03,lightgbm_control,0.33436293415247464,2418,31,2418,0,729,65,664,6,59,0.09230769230769231,723,437,280,0,717,0.008298755186721992,443,0.6127247579529738,0.607681755829904,23,42,20
7,2026-04,lightgbm_control,0.33436293415247464,2340,30,2340,0,780,54,726,6,48,0.1111111111111111,791,475,310,0,785,0.007585335018963337,481,0.6080910240202275,0.6166666666666667,18,36,12
7,2026-05,lightgbm_control,0.33436293415247464,2418,31,2418,0,754,63,691,7,56,0.1111111111111111,697,390,300,0,690,0.010043041606886656,397,0.569583931133429,0.5265251989389921,23,40,18
7,2026-06,lightgbm_control,0.33436293415247464,2340,30,2340,0,702,54,648,11,43,0.2037037037037037,906,452,443,0,895,0.012141280353200883,463,0.5110375275938189,0.6595441595441596,18,36,11
7,2026-01,selected,0.38214568548191574,2340,30,2340,0,651,70,581,6,64,0.08571428571428572,556,322,228,0,550,0.01079136690647482,328,0.5899280575539568,0.5038402457757296,23,47,18
7,2026-02,selected,0.38214568548191574,2184,28,2184,0,587,51,536,4,47,0.0784313725490196,528,315,209,0,524,0.007575757575757576,319,0.6041666666666666,0.5434412265758092,15,36,15
7,2026-03,selected,0.38214568548191574,2418,31,2418,0,729,65,664,3,62,0.046153846153846156,602,374,225,0,599,0.0049833887043189366,377,0.6262458471760798,0.5171467764060357,23,42,20
7,2026-04,selected,0.38214568548191574,2340,30,2340,0,780,54,726,3,51,0.05555555555555555,665,433,229,0,662,0.004511278195488722,436,0.6556390977443609,0.558974358974359,18,36,12
7,2026-05,selected,0.38214568548191574,2418,31,2418,0,754,63,691,5,58,0.07936507936507936,554,340,209,0,549,0.009025270758122744,345,0.6227436823104693,0.45755968169761274,23,40,18
7,2026-06,selected,0.38214568548191574,2340,30,2340,0,702,54,648,6,48,0.1111111111111111,697,399,292,0,691,0.00860832137733142,405,0.5810616929698709,0.5769230769230769,18,36,11
