gap,stratum,stratum_value,stratum_known_at_issue,model,threshold,rows,target_calendar_days,known_context_rows,unknown_context_rows,alarm_days,registered_episode_starts,repeated_alarm_days,warned_episode_starts,missed_episode_starts,episode_start_recall,warnings_total,warnings_on_repeated_alarm_days,warnings_on_no_alarm_days,warnings_with_unknown_context,warnings_without_new_episode_known_context,episode_start_fraction_of_warnings,any_alarm_true_warnings,original_any_alarm_precision,original_any_alarm_recall,starts_with_records_every_gap_day,starts_with_some_record_free_gap_days,starts_with_no_records_in_gap
1,gap_record_coverage,no_records_in_gap,False,previous_frozen,0.3345231006565093,4566,180,4566,0,726,726,0,206,520,0.2837465564738292,488,0,282,0,282,0.42213114754098363,206,0.42213114754098363,0.2837465564738292,0,726,726
1,gap_record_coverage,records_every_gap_day,False,previous_frozen,0.3345231006565093,9474,179,9474,0,3477,1274,2203,753,521,0.5910518053375197,3912,1545,1614,0,3159,0.19248466257668712,2298,0.5874233128834356,0.6609145815358067,1274,0,0
1,feature_has_records,0.0,True,previous_frozen,0.3345231006565093,4572,180,4572,0,798,543,255,132,411,0.2430939226519337,479,84,263,0,347,0.2755741127348643,216,0.4509394572025052,0.2706766917293233,94,449,449
1,feature_has_records,1.0,True,previous_frozen,0.3345231006565093,9468,179,9468,0,3405,1457,1948,827,630,0.5676046671242279,3921,1461,1633,0,3094,0.21091558275950012,2288,0.583524611068605,0.6719530102790015,1180,277,277
1,target_has_records,0.0,False,previous_frozen,0.3345231006565093,4550,180,4550,0,0,0,0,0,0,,423,0,423,0,423,0.0,0,0.0,,0,0,0
1,target_has_records,1.0,False,previous_frozen,0.3345231006565093,9490,179,9490,0,4203,2000,2203,959,1041,0.4795,3977,1545,1473,0,3018,0.24113653507669097,2504,0.6296203168217249,0.595764929812039,1274,726,726
1,gap_record_coverage,no_records_in_gap,False,lightgbm_control,0.33436293415247464,4566,180,4566,0,726,726,0,202,524,0.27823691460055094,494,0,292,0,292,0.4089068825910931,202,0.4089068825910931,0.27823691460055094,0,726,726
1,gap_record_coverage,records_every_gap_day,False,lightgbm_control,0.33436293415247464,9474,179,9474,0,3477,1274,2203,755,519,0.5926216640502355,3899,1549,1595,0,3144,0.193639394716594,2304,0.5909207489099769,0.6626402070750647,1274,0,0
1,feature_has_records,0.0,True,lightgbm_control,0.33436293415247464,4572,180,4572,0,798,543,255,129,414,0.23756906077348067,478,86,263,0,349,0.2698744769874477,215,0.4497907949790795,0.2694235588972431,94,449,449
1,feature_has_records,1.0,True,lightgbm_control,0.33436293415247464,9468,179,9468,0,3405,1457,1948,828,629,0.5682910089224433,3915,1463,1624,0,3087,0.21149425287356322,2291,0.5851851851851851,0.6728340675477239,1180,277,277
1,target_has_records,0.0,False,lightgbm_control,0.33436293415247464,4550,180,4550,0,0,0,0,0,0,,427,0,427,0,427,0.0,0,0.0,,0,0,0
1,target_has_records,1.0,False,lightgbm_control,0.33436293415247464,9490,179,9490,0,4203,2000,2203,957,1043,0.4785,3966,1549,1460,0,3009,0.24130105900151286,2506,0.6318709026727181,0.596240780394956,1274,726,726
1,gap_record_coverage,no_records_in_gap,False,selected,0.38214568548191574,4566,180,4566,0,726,726,0,145,581,0.19972451790633608,315,0,170,0,170,0.4603174603174603,145,0.4603174603174603,0.19972451790633608,0,726,726
1,gap_record_coverage,records_every_gap_day,False,selected,0.38214568548191574,9474,179,9474,0,3477,1274,2203,643,631,0.5047095761381476,3287,1422,1222,0,2644,0.19561910556738668,2065,0.6282324307879525,0.5939027897612885,1274,0,0
1,feature_has_records,0.0,True,selected,0.38214568548191574,4572,180,4572,0,798,543,255,94,449,0.1731123388581952,321,71,156,0,227,0.29283489096573206,165,0.514018691588785,0.20676691729323307,94,449,449
1,feature_has_records,1.0,True,selected,0.38214568548191574,9468,179,9468,0,3405,1457,1948,694,763,0.47632120796156485,3281,1351,1236,0,2587,0.21152087778116427,2045,0.6232855836635173,0.6005873715124816,1180,277,277
1,target_has_records,0.0,False,selected,0.38214568548191574,4550,180,4550,0,0,0,0,0,0,,250,0,250,0,250,0.0,0,0.0,,0,0,0
1,target_has_records,1.0,False,selected,0.38214568548191574,9490,179,9490,0,4203,2000,2203,788,1212,0.394,3352,1422,1142,0,2564,0.2350835322195704,2210,0.6593078758949881,0.5258148941232453,1274,726,726
3,gap_record_coverage,no_records_in_gap,False,previous_frozen,0.3345231006565093,2610,180,2610,0,327,327,0,62,265,0.18960244648318042,134,0,72,0,72,0.4626865671641791,62,0.4626865671641791,0.18960244648318042,0,327,327
3,gap_record_coverage,records_every_gap_day,False,previous_frozen,0.3345231006565093,7552,177,7552,0,2918,459,2459,215,244,0.4684095860566449,3486,1864,1407,0,3271,0.06167527251864601,2079,0.5963855421686747,0.7124742974640165,459,0,0
3,gap_record_coverage,records_some_gap_days,False,previous_frozen,0.3345231006565093,3878,180,3878,0,958,213,745,76,137,0.3568075117370892,780,287,417,0,704,0.09743589743589744,363,0.4653846153846154,0.37891440501043844,0,213,0
3,feature_has_records,0.0,True,previous_frozen,0.3345231006565093,4572,180,4572,0,798,429,369,99,330,0.23076923076923078,479,117,263,0,380,0.20668058455114824,216,0.4509394572025052,0.2706766917293233,0,429,327
3,feature_has_records,1.0,True,previous_frozen,0.3345231006565093,9468,179,9468,0,3405,570,2835,254,316,0.4456140350877193,3921,2034,1633,0,3667,0.06477939301198674,2288,0.583524611068605,0.6719530102790015,459,111,0
3,target_has_records,0.0,False,previous_frozen,0.3345231006565093,4550,180,4550,0,0,0,0,0,0,,423,0,423,0,423,0.0,0,0.0,,0,0,0
3,target_has_records,1.0,False,previous_frozen,0.3345231006565093,9490,179,9490,0,4203,999,3204,353,646,0.3533533533533533,3977,2151,1473,0,3624,0.08876037213980387,2504,0.6296203168217249,0.595764929812039,459,540,327
3,gap_record_coverage,no_records_in_gap,False,lightgbm_control,0.33436293415247464,2610,180,2610,0,327,327,0,63,264,0.1926605504587156,132,0,69,0,69,0.4772727272727273,63,0.4772727272727273,0.1926605504587156,0,327,327
3,gap_record_coverage,records_every_gap_day,False,lightgbm_control,0.33436293415247464,7552,177,7552,0,2918,459,2459,215,244,0.4684095860566449,3457,1867,1375,0,3242,0.06219265258894996,2082,0.6022562915822968,0.7135023989033584,459,0,0
3,gap_record_coverage,records_some_gap_days,False,lightgbm_control,0.33436293415247464,3878,180,3878,0,958,213,745,75,138,0.352112676056338,804,286,443,0,729,0.09328358208955224,361,0.4490049751243781,0.3768267223382046,0,213,0
3,feature_has_records,0.0,True,lightgbm_control,0.33436293415247464,4572,180,4572,0,798,429,369,98,331,0.22843822843822845,478,117,263,0,380,0.20502092050209206,215,0.4497907949790795,0.2694235588972431,0,429,327
3,feature_has_records,1.0,True,lightgbm_control,0.33436293415247464,9468,179,9468,0,3405,570,2835,255,315,0.4473684210526316,3915,2036,1624,0,3660,0.06513409961685823,2291,0.5851851851851851,0.6728340675477239,459,111,0
3,target_has_records,0.0,False,lightgbm_control,0.33436293415247464,4550,180,4550,0,0,0,0,0,0,,427,0,427,0,427,0.0,0,0.0,,0,0,0
3,target_has_records,1.0,False,lightgbm_control,0.33436293415247464,9490,179,9490,0,4203,999,3204,353,646,0.3533533533533533,3966,2153,1460,0,3613,0.08900655572365103,2506,0.6318709026727181,0.596240780394956,459,540,327
3,gap_record_coverage,no_records_in_gap,False,selected,0.38214568548191574,2610,180,2610,0,327,327,0,40,287,0.12232415902140673,78,0,38,0,38,0.5128205128205128,40,0.5128205128205128,0.12232415902140673,0,327,327
3,gap_record_coverage,records_every_gap_day,False,selected,0.38214568548191574,7552,177,7552,0,2918,459,2459,177,282,0.38562091503267976,2949,1699,1073,0,2772,0.06002034587995931,1876,0.6361478467277043,0.6429061000685401,459,0,0
3,gap_record_coverage,records_some_gap_days,False,selected,0.38214568548191574,3878,180,3878,0,958,213,745,58,155,0.27230046948356806,575,236,281,0,517,0.10086956521739131,294,0.5113043478260869,0.3068893528183716,0,213,0
3,feature_has_records,0.0,True,selected,0.38214568548191574,4572,180,4572,0,798,429,369,69,360,0.16083916083916083,321,96,156,0,252,0.21495327102803738,165,0.514018691588785,0.20676691729323307,0,429,327
3,feature_has_records,1.0,True,selected,0.38214568548191574,9468,179,9468,0,3405,570,2835,206,364,0.36140350877192984,3281,1839,1236,0,3075,0.06278573605608047,2045,0.6232855836635173,0.6005873715124816,459,111,0
3,target_has_records,0.0,False,selected,0.38214568548191574,4550,180,4550,0,0,0,0,0,0,,250,0,250,0,250,0.0,0,0.0,,0,0,0
3,target_has_records,1.0,False,selected,0.38214568548191574,9490,179,9490,0,4203,999,3204,275,724,0.2752752752752753,3352,1935,1142,0,3077,0.08204057279236276,2210,0.6593078758949881,0.5258148941232453,459,540,327
7,gap_record_coverage,no_records_in_gap,False,previous_frozen,0.3345231006565093,1316,174,1316,0,94,94,0,8,86,0.0851063829787234,19,0,11,0,11,0.42105263157894735,8,0.42105263157894735,0.0851063829787234,0,94,94
7,gap_record_coverage,records_every_gap_day,False,previous_frozen,0.3345231006565093,6245,173,6245,0,2525,120,2405,24,96,0.2,3101,1849,1228,0,3077,0.007739438890680426,1873,0.6039987100935182,0.7417821782178218,120,0,0
7,gap_record_coverage,records_some_gap_days,False,previous_frozen,0.3345231006565093,6479,180,6479,0,1584,143,1441,19,124,0.13286713286713286,1280,604,657,0,1261,0.01484375,623,0.48671875,0.39330808080808083,0,143,0
7,feature_has_records,0.0,True,previous_frozen,0.3345231006565093,4572,180,4572,0,798,165,633,19,146,0.11515151515151516,479,197,263,0,460,0.03966597077244259,216,0.4509394572025052,0.2706766917293233,0,165,94
7,feature_has_records,1.0,True,previous_frozen,0.3345231006565093,9468,179,9468,0,3405,192,3213,32,160,0.16666666666666666,3921,2256,1633,0,3889,0.00816118337158888,2288,0.583524611068605,0.6719530102790015,120,72,0
7,target_has_records,0.0,False,previous_frozen,0.3345231006565093,4550,180,4550,0,0,0,0,0,0,,423,0,423,0,423,0.0,0,0.0,,0,0,0
7,target_has_records,1.0,False,previous_frozen,0.3345231006565093,9490,179,9490,0,4203,357,3846,51,306,0.14285714285714285,3977,2453,1473,0,3926,0.012823736484787528,2504,0.6296203168217249,0.595764929812039,120,237,94
7,gap_record_coverage,no_records_in_gap,False,lightgbm_control,0.33436293415247464,1316,174,1316,0,94,94,0,8,86,0.0851063829787234,16,0,8,0,8,0.5,8,0.5,0.0851063829787234,0,94,94
7,gap_record_coverage,records_every_gap_day,False,lightgbm_control,0.33436293415247464,6245,173,6245,0,2525,120,2405,24,96,0.2,3069,1845,1200,0,3045,0.007820136852394917,1869,0.6089931573802542,0.7401980198019802,120,0,0
7,gap_record_coverage,records_some_gap_days,False,lightgbm_control,0.33436293415247464,6479,180,6479,0,1584,143,1441,16,127,0.11188811188811189,1308,613,679,0,1292,0.012232415902140673,629,0.4808868501529052,0.3970959595959596,0,143,0
7,feature_has_records,0.0,True,lightgbm_control,0.33436293415247464,4572,180,4572,0,798,165,633,17,148,0.10303030303030303,478,198,263,0,461,0.03556485355648536,215,0.4497907949790795,0.2694235588972431,0,165,94
7,feature_has_records,1.0,True,lightgbm_control,0.33436293415247464,9468,179,9468,0,3405,192,3213,31,161,0.16145833333333334,3915,2260,1624,0,3884,0.007918263090676884,2291,0.5851851851851851,0.6728340675477239,120,72,0
7,target_has_records,0.0,False,lightgbm_control,0.33436293415247464,4550,180,4550,0,0,0,0,0,0,,427,0,427,0,427,0.0,0,0.0,,0,0,0
7,target_has_records,1.0,False,lightgbm_control,0.33436293415247464,9490,179,9490,0,4203,357,3846,48,309,0.13445378151260504,3966,2458,1460,0,3918,0.012102874432677761,2506,0.6318709026727181,0.596240780394956,120,237,94
7,gap_record_coverage,no_records_in_gap,False,selected,0.38214568548191574,1316,174,1316,0,94,94,0,5,89,0.05319148936170213,8,0,3,0,3,0.625,5,0.625,0.05319148936170213,0,94,94
7,gap_record_coverage,records_every_gap_day,False,selected,0.38214568548191574,6245,173,6245,0,2525,120,2405,15,105,0.125,2641,1674,952,0,2626,0.005679666792881484,1689,0.6395304808784551,0.668910891089109,120,0,0
7,gap_record_coverage,records_some_gap_days,False,selected,0.38214568548191574,6479,180,6479,0,1584,143,1441,7,136,0.04895104895104895,953,509,437,0,946,0.007345225603357817,516,0.5414480587618048,0.32575757575757575,0,143,0
7,feature_has_records,0.0,True,selected,0.38214568548191574,4572,180,4572,0,798,165,633,10,155,0.06060606060606061,321,155,156,0,311,0.03115264797507788,165,0.514018691588785,0.20676691729323307,0,165,94
7,feature_has_records,1.0,True,selected,0.38214568548191574,9468,179,9468,0,3405,192,3213,17,175,0.08854166666666667,3281,2028,1236,0,3264,0.0051813471502590676,2045,0.6232855836635173,0.6005873715124816,120,72,0
7,target_has_records,0.0,False,selected,0.38214568548191574,4550,180,4550,0,0,0,0,0,0,,250,0,250,0,250,0.0,0,0.0,,0,0,0
7,target_has_records,1.0,False,selected,0.38214568548191574,9490,179,9490,0,4203,357,3846,27,330,0.07563025210084033,3352,2183,1142,0,3325,0.008054892601431982,2210,0.6593078758949881,0.5258148941232453,120,237,94
