ид_канала_данных,тип_инж_системы,тип_датчика,ид_объект,строк,тревог,доля_тревог_%,числовых_значений,доля_числовых_%,текстовых_значений,пустых_значений,отрицательных_чисел,sentinel_значений,активных_дней,событий_в_день,среднее_значение,std_значения,минимум_значения,максимум_значения
115801,Диспетчерский контроль,Состояние насоса,3902,4181,2144,51.2796,0,0,4181,0,0,0,2696,1.55082,,,,
115800,Диспетчерский контроль,Состояние насоса,3902,4119,2085,50.6191,0,0,4119,0,0,0,2696,1.52782,,,,
330460,Охранная подсистема,КД АВ,5961,77968,38972,49.9846,0,0,77968,0,0,0,364,214.198,,,,
334692,Пожарная охрана,Датчик дыма,5962,51172,25545,49.9199,0,0,51172,0,0,0,198,258.444,,,,
228541,Охранная подсистема,Датчик движения,5343,92886,46248,49.7901,0,0,92886,0,0,0,2317,40.0889,,,,
330579,Охранная подсистема,Датчик движения,5961,5740,2851,49.669,0,0,5740,0,0,0,322,17.8261,,,,
50894,Нет в справочнике,Нет в справочнике,Нет в справочнике,23846,11829,49.6058,0,0,23846,0,0,0,1211,19.6912,,,,
334602,Пожарная охрана,Датчик дыма,5962,15682,7777,49.5919,0,0,15682,0,0,0,194,80.8351,,,,
330437,Охранная подсистема,КД АВ,5961,1692,835,49.3499,0,0,1692,0,0,0,365,4.63562,,,,
50835,Нет в справочнике,Нет в справочнике,Нет в справочнике,12734,6275,49.2775,0,0,12734,0,0,0,1132,11.2491,,,,
2991,Нет в справочнике,Нет в справочнике,Нет в справочнике,7464,3675,49.2363,0,0,7464,0,0,0,1131,6.59947,,,,
228571,Температурная подсистема,Датчик температуры,5343,81407,40078,49.2316,997,1.22471,80410,0,0,0,2314,35.1802,7.60181,5.747,0,92
50866,Нет в справочнике,Нет в справочнике,Нет в справочнике,14502,7134,49.1932,0,0,14502,0,0,0,1211,11.9752,,,,
286887,Охранная подсистема,КД АВ,5676,1756,861,49.0319,0,0,1756,0,0,0,1479,1.18729,,,,
3051,Охранная подсистема,КД АВ,28,9482,4640,48.9348,0,0,9482,0,0,0,2713,3.49502,,,,
115807,Диспетчерский контроль,Состояние насоса,3902,6587,3220,48.8842,0,0,6587,0,0,0,2700,2.43963,,,,
144862,Охранная подсистема,КД АВ,4391,9676,4729,48.8735,0,0,9676,0,0,0,2696,3.58902,,,,
3053,Охранная подсистема,КД АВ,28,8192,4003,48.8647,0,0,8192,0,0,0,2736,2.99415,,,,
334189,Пожарная охрана,Ручной извещатель,5962,1572,768,48.855,0,0,1572,0,0,0,150,10.48,,,,
115813,Диспетчерский контроль,Состояние насоса,3902,3032,1479,48.7797,0,0,3032,0,0,0,2684,1.12966,,,,
50843,Нет в справочнике,Нет в справочнике,Нет в справочнике,11010,5365,48.7284,0,0,11010,0,0,0,1133,9.71756,,,,
334192,Пожарная охрана,Ручной извещатель,5962,1217,593,48.7264,0,0,1217,0,0,0,150,8.11333,,,,
229448,Пожарная охрана,Датчик дыма,5343,27715,13503,48.7209,0,0,27715,0,0,0,2319,11.9513,,,,
231696,Нет в справочнике,Нет в справочнике,Нет в справочнике,3584,1746,48.7165,0,0,3584,0,0,0,1190,3.01176,,,,
229505,Пожарная охрана,Датчик дыма,5343,27938,13608,48.7079,0,0,27938,0,0,0,2319,12.0474,,,,
334707,Пожарная охрана,Ручной извещатель,5962,2661,1296,48.7035,0,0,2661,0,0,0,198,13.4394,,,,
334746,Пожарная охрана,Ручной извещатель,5962,2140,1042,48.6916,0,0,2140,0,0,0,194,11.0309,,,,
229510,Пожарная охрана,Датчик дыма,5343,27359,13320,48.686,0,0,27359,0,0,0,2319,11.7978,,,,
50856,Нет в справочнике,Нет в справочнике,Нет в справочнике,6569,3198,48.6832,0,0,6569,0,0,0,1127,5.82875,,,,
231736,Охранная подсистема,КД АВ,5339,1366,665,48.6823,0,0,1366,0,0,0,2315,0.590065,,,,
231715,Нет в справочнике,Нет в справочнике,Нет в справочнике,3924,1910,48.6748,0,0,3924,0,0,0,1190,3.29748,,,,
229446,Пожарная охрана,Датчик дыма,5343,28151,13701,48.6697,0,0,28151,0,0,0,2319,12.1393,,,,
229489,Пожарная охрана,Датчик дыма,5343,27635,13447,48.6593,0,0,27635,0,0,0,2319,11.9168,,,,
334191,Пожарная охрана,Ручной извещатель,5962,1116,543,48.6559,0,0,1116,0,0,0,150,7.44,,,,
229452,Пожарная охрана,Датчик дыма,5343,28147,13695,48.6553,0,0,28147,0,0,0,2319,12.1376,,,,
231709,Нет в справочнике,Нет в справочнике,Нет в справочнике,3866,1881,48.6549,0,0,3866,0,0,0,1190,3.24874,,,,
229509,Пожарная охрана,Датчик дыма,5343,28024,13635,48.6547,0,0,28024,0,0,0,2319,12.0845,,,,
229447,Пожарная охрана,Датчик дыма,5343,27823,13537,48.654,0,0,27823,0,0,0,2319,11.9978,,,,
229508,Пожарная охрана,Датчик дыма,5343,27412,13337,48.6539,0,0,27412,0,0,0,2319,11.8206,,,,
229455,Пожарная охрана,Датчик дыма,5343,28177,13709,48.6532,0,0,28177,0,0,0,2319,12.1505,,,,
229459,Пожарная охрана,Датчик дыма,5343,27815,13532,48.65,0,0,27815,0,0,0,2319,11.9944,,,,
232218,Пожарная охрана,Датчик дыма,5343,27842,13545,48.6495,0,0,27842,0,0,0,2319,12.006,,,,
229490,Пожарная охрана,Датчик дыма,5343,27484,13369,48.6428,0,0,27484,0,0,0,2319,11.8517,,,,
229449,Пожарная охрана,Датчик дыма,5343,28147,13691,48.6411,0,0,28147,0,0,0,2319,12.1376,,,,
229494,Пожарная охрана,Датчик дыма,5343,28168,13701,48.6403,0,0,28168,0,0,0,2319,12.1466,,,,
229479,Пожарная охрана,Датчик дыма,5343,28302,13766,48.6397,0,0,28302,0,0,0,2319,12.2044,,,,
229502,Пожарная охрана,Датчик дыма,5343,27733,13489,48.6388,0,0,27733,0,0,0,2319,11.959,,,,
229474,Пожарная охрана,Датчик дыма,5343,27733,13488,48.6352,0,0,27733,0,0,0,2319,11.959,,,,
229472,Пожарная охрана,Датчик дыма,5343,28044,13639,48.6343,0,0,28044,0,0,0,2319,12.0931,,,,
229456,Пожарная охрана,Датчик дыма,5343,27787,13514,48.6343,0,0,27787,0,0,0,2319,11.9823,,,,
