feature,строк,числовых_значений,доля_числовых_%,текстовых_значений,пустых_значений,отрицательных_чисел,sentinel_значений,активных_дней,событий_в_день,среднее_значение,std_значения,минимум_значения,максимум_значения
строк,1,0.944322,0.289661,0.323214,,0.601868,-0.000538883,0.0871999,0.97808,-0.00966856,-0.0139094,0.00718045,-0.00154004
числовых_значений,0.944322,1,0.316867,-0.00614418,,0.636807,-0.000485479,0.0732627,0.913644,-0.00715902,-0.0105197,0.00514389,0.00203682
доля_числовых_%,0.289661,0.316867,1,-0.0310141,,0.147691,0.0292031,0.071088,0.302915,0.228265,0.245715,-0.169784,0.274565
текстовых_значений,0.323214,-0.00614418,-0.0310141,1,,-0.00234016,-0.000241477,0.0543059,0.34483,-0.00879459,-0.0120175,0.00702848,-0.0105388
пустых_значений,,,,,,,,,,,,,
отрицательных_чисел,0.601868,0.636807,0.147691,-0.00234016,,1,0.0157892,0.0418987,0.571546,-0.00367142,-0.00326523,0.00137205,0.00213362
sentinel_значений,-0.000538883,-0.000485479,0.0292031,-0.000241477,,0.0157892,1,0.0109603,-0.000790818,0.017647,0.0508818,-0.0285861,0.0782921
активных_дней,0.0871999,0.0732627,0.071088,0.0543059,,0.0418987,0.0109603,1,0.0590618,-0.00301038,0.0524297,-0.0273213,0.0247069
событий_в_день,0.97808,0.913644,0.302915,0.34483,,0.571546,-0.000790818,0.0590618,1,-0.0104075,-0.0156275,0.0082177,-0.00115045
среднее_значение,-0.00966856,-0.00715902,0.228265,-0.00879459,,-0.00367142,0.017647,-0.00301038,-0.0104075,1,-0.0436055,0.0561094,0.353817
std_значения,-0.0139094,-0.0105197,0.245715,-0.0120175,,-0.00326523,0.0508818,0.0524297,-0.0156275,-0.0436055,1,-0.674185,0.418273
минимум_значения,0.00718045,0.00514389,-0.169784,0.00702848,,0.00137205,-0.0285861,-0.0273213,0.0082177,0.0561094,-0.674185,1,-0.286425
максимум_значения,-0.00154004,0.00203682,0.274565,-0.0105388,,0.00213362,0.0782921,0.0247069,-0.00115045,0.353817,0.418273,-0.286425,1
