час,строк,тревог,доля_тревог_%
0,10151004,66631,0.656398
1,10124742,70283,0.694171
2,10059823,69420,0.690072
3,10031132,74151,0.739209
4,10042225,71217,0.709176
5,10084571,68936,0.683579
6,10216605,70912,0.694086
7,13462599,69436,0.51577
8,18655859,95330,0.510992
9,18791501,170702,0.9084
10,18048151,230101,1.27493
11,17118881,217732,1.27188
12,16419578,169214,1.03056
13,16491952,153694,0.931933
14,16055317,142377,0.88679
15,15509159,123247,0.794672
16,14453495,101347,0.701194
17,12447140,82050,0.659188
18,11882080,76959,0.64769
19,12252456,69847,0.570065
20,10521020,69203,0.657759
21,10247617,69105,0.674352
22,10268700,68707,0.669092
23,10210409,67211,0.65826
