файл,колонка,пропусков,доля_пропусков_%
ext-journal-2019.7z,ид_события,0,0
ext-journal-2019.7z,ид_канала_данных,0,0
ext-journal-2019.7z,дата,0,0
ext-journal-2019.7z,время,0,0
ext-journal-2019.7z,тревожное,0,0
ext-journal-2019.7z,значение_датчика,0,0
ext-journal-2020.7z,ид_события,0,0
ext-journal-2020.7z,ид_канала_данных,0,0
ext-journal-2020.7z,дата,0,0
ext-journal-2020.7z,время,0,0
ext-journal-2020.7z,тревожное,0,0
ext-journal-2020.7z,значение_датчика,0,0
ext-journal-2021.7z,ид_события,0,0
ext-journal-2021.7z,ид_канала_данных,0,0
ext-journal-2021.7z,дата,0,0
ext-journal-2021.7z,время,0,0
ext-journal-2021.7z,тревожное,0,0
ext-journal-2021.7z,значение_датчика,0,0
ext-journal-2022.7z,ид_события,0,0
ext-journal-2022.7z,ид_канала_данных,0,0
ext-journal-2022.7z,дата,0,0
ext-journal-2022.7z,время,0,0
ext-journal-2022.7z,тревожное,0,0
ext-journal-2022.7z,значение_датчика,0,0
ext-journal-2023.7z,ид_события,0,0
ext-journal-2023.7z,ид_канала_данных,0,0
ext-journal-2023.7z,дата,0,0
ext-journal-2023.7z,время,0,0
ext-journal-2023.7z,тревожное,0,0
ext-journal-2023.7z,значение_датчика,0,0
ext-journal-2024.7z,ид_события,0,0
ext-journal-2024.7z,ид_канала_данных,0,0
ext-journal-2024.7z,дата,0,0
ext-journal-2024.7z,время,0,0
ext-journal-2024.7z,тревожное,0,0
ext-journal-2024.7z,значение_датчика,0,0
ext-journal-2025.7z,ид_события,0,0
ext-journal-2025.7z,ид_канала_данных,0,0
ext-journal-2025.7z,дата,0,0
ext-journal-2025.7z,время,0,0
ext-journal-2025.7z,тревожное,0,0
ext-journal-2025.7z,значение_датчика,0,0
ext-journal-2026.7z,ид_события,0,0
ext-journal-2026.7z,ид_канала_данных,0,0
ext-journal-2026.7z,дата,0,0
ext-journal-2026.7z,время,0,0
ext-journal-2026.7z,тревожное,0,0
ext-journal-2026.7z,значение_датчика,0,0
