месяц,строк,тревог,доля_тревог_%
2019-01,1059203,16200,1.52945
2019-02,1228552,15985,1.30113
2019-03,1370438,6746,0.492251
2019-04,1644457,7403,0.450179
2019-05,1906110,9958,0.522425
2019-06,1999376,12791,0.63975
2019-07,2058886,8179,0.397254
2019-08,1923589,11928,0.620091
2019-09,1928892,7747,0.40163
2019-10,2173814,15850,0.729133
2019-11,1717351,8938,0.520453
2019-12,1982660,12474,0.629155
2020-01,1697457,26470,1.55939
2020-02,2183507,101129,4.63149
2020-03,1935361,65975,3.40892
2020-04,1321055,9693,0.733732
2020-05,1534334,9951,0.648555
2020-06,2218863,26898,1.21224
2020-07,2426629,22976,0.946828
2020-08,1899138,11277,0.593796
2020-09,1830052,9715,0.530859
2020-10,4124987,14334,0.347492
2020-11,3153083,10979,0.348199
2020-12,3847932,16265,0.422695
2021-01,3775859,10406,0.275593
2021-02,3510847,7958,0.226669
2021-03,3811877,13016,0.341459
2021-04,3798207,80948,2.13122
2021-05,5308604,827795,15.5935
2021-06,4681805,169543,3.62132
2021-07,5087387,25981,0.510694
2021-08,5584810,15694,0.281012
2021-09,5223277,11223,0.214865
2021-10,4685971,10379,0.221491
2021-11,3860269,10525,0.272649
2021-12,4370035,16171,0.370043
2022-01,4447204,11563,0.260006
2022-02,4007881,8967,0.223734
2022-03,3774966,15548,0.411871
2022-04,3754696,14566,0.387941
2022-05,4144893,17773,0.428793
2022-06,4606416,11565,0.251063
2022-07,4341965,11220,0.258408
2022-08,3835778,9342,0.243549
2022-09,2999141,10453,0.348533
2022-10,2974690,9130,0.306923
2022-11,2542102,6229,0.245033
2022-12,2053417,7148,0.348103
2023-01,2768688,9591,0.34641
2023-02,2138589,6258,0.292623
2023-03,2229859,17589,0.788794
2023-04,2169440,9281,0.427806
2023-05,2085953,6369,0.305328
2023-06,2347968,10395,0.442723
2023-07,2870366,10795,0.376084
2023-08,2852643,8609,0.30179
2023-09,2457968,9188,0.373805
2023-10,2195775,6264,0.285275
2023-11,3536643,8015,0.226627
2023-12,4283233,5358,0.125092
2024-01,4506731,6788,0.150619
2024-02,4002633,8858,0.221304
2024-03,3988028,12940,0.324471
2024-04,3457044,14694,0.425045
2024-05,4438132,8605,0.193888
2024-06,3178183,11604,0.365114
2024-07,2760953,11215,0.4062
2024-08,5187385,9591,0.184891
2024-09,4777023,6128,0.128281
2024-10,4543283,9032,0.198799
2024-11,3573802,8780,0.245677
2024-12,4610686,6968,0.151127
2025-01,4553294,9612,0.2111
2025-02,4113473,10689,0.259853
2025-03,4181874,12347,0.29525
2025-04,4071739,10790,0.264997
2025-05,4349353,8564,0.196903
2025-06,4870850,37891,0.777914
2025-07,5493866,18714,0.340634
2025-08,5411053,26998,0.498942
2025-09,5344804,11165,0.208894
2025-10,4833354,13273,0.274613
2025-11,3624180,43238,1.19304
2025-12,4693956,53190,1.13316
2026-01,4462069,32338,0.724731
2026-02,4711854,20528,0.435667
2026-03,5375557,26649,0.495744
2026-04,5528447,50338,0.910527
2026-05,5476067,16177,0.295413
2026-06,5141395,49392,0.960673
