ид_объект,строк,доля_строк_%,тревог,доля_тревог_%
5122,157464704,50.2206,137657,0.0874209
3902,15101660,4.81641,58653,0.388388
4369,12022201,3.83427,5514,0.0458651
4610,10422972,3.32422,29753,0.285456
Нет в справочнике,9439855,3.01068,151740,1.60744
99,9085192,2.89756,4929,0.0542531
5675,8547161,2.72597,34429,0.402812
5657,8340450,2.66004,20114,0.241162
3360,8236661,2.62694,23013,0.279397
3356,6810463,2.17208,41998,0.616669
5578,6410378,2.04448,17547,0.273728
4543,6341939,2.02265,5986,0.0943875
4574,4681562,1.4931,4550,0.0971898
4392,4680258,1.49269,1101,0.0235243
5123,4247311,1.35461,2025,0.0476772
3216,3869603,1.23414,1311,0.0338794
28,3730002,1.18962,35105,0.941152
5132,3406697,1.08651,8209,0.240967
5343,2740312,0.873974,1204785,43.9652
3215,2534161,0.808226,43627,1.72156
4177,2178382,0.694757,8584,0.394054
5674,2167616,0.691323,5943,0.274172
111,1644789,0.524577,2916,0.177287
5124,1613214,0.514506,1094,0.0678149
4391,1465677,0.467452,18822,1.28418
3388,1357853,0.433063,39753,2.92764
5332,1171580,0.373655,34604,2.95362
5336,1149697,0.366676,5678,0.493869
5003,1122940,0.358142,64420,5.73673
5333,1121811,0.357782,50987,4.54506
5113,1116396,0.356055,19254,1.72466
108,951252,0.303385,481,0.0505649
5339,865255,0.275958,21331,2.46528
5011,735568,0.234597,31488,4.28077
42,677703,0.216141,25022,3.69218
3905,612771,0.195433,9460,1.54381
4370,547467,0.174605,18902,3.45263
20,528239,0.168473,6353,1.20268
5676,508278,0.162106,17829,3.50773
4095,397793,0.126869,8590,2.15941
5580,388693,0.123967,12187,3.13538
5129,341905,0.109045,5691,1.6645
3904,336409,0.107292,3400,1.01067
4648,297108,0.0947574,14786,4.97664
5677,294015,0.0937709,8274,2.81414
5591,263123,0.0839185,1185,0.45036
5962,247447,0.0789189,76396,30.8737
5567,191093,0.0609458,5424,2.83841
165,164234,0.0523796,1812,1.1033
5218,163280,0.0520753,4747,2.90728
5961,151342,0.0482679,57351,37.895
5963,138572,0.0441951,6490,4.68349
4069,122226,0.0389818,3570,2.92082
5581,73810,0.0235404,2985,4.04417
5537,46353,0.0147835,2467,5.3222
5539,45048,0.0143673,1898,4.21328
4569,43962,0.0140209,2612,5.94149
5582,31869,0.0101641,6171,19.3636
5009,20947,0.00668068,2061,9.83912
5594,17946,0.00572356,636,3.54397
3250,15722,0.00501426,4839,30.7785
4767,12317,0.00392829,3185,25.8586
4577,12099,0.00385876,1248,10.3149
4763,8858,0.0028251,2335,26.3604
5340,7743,0.00246949,1409,18.1971
3903,7708,0.00245833,984,12.766
5338,7704,0.00245706,900,11.6822
4765,6284,0.00200417,1549,24.6499
4541,5376,0.00171458,841,15.6436
5114,5339,0.00170278,1314,24.6114
5678,5250,0.0016744,1363,25.9619
5583,4299,0.00137109,480,11.1654
5574,3466,0.00110542,694,20.0231
5966,3427,0.00109298,873,25.4742
5593,3218,0.00102632,461,14.3257
5540,2846,0.000907682,327,11.4898
4770,2550,0.000813278,542,21.2549
5579,2467,0.000786806,409,16.5788
4768,2139,0.000682197,359,16.7835
