тип_датчика,строк,доля_строк_%,тревог,доля_тревог_%
Газовый датчик,224012118,71.4447,53849,0.0240384
Датчик движения,51473736,16.4166,204944,0.398153
Нет в справочнике,9439855,3.01068,151740,1.60744
Состояние УИР-Р,5684500,1.81297,6079,0.10694
КД Дверь,4986555,1.59037,37515,0.752323
Датчик дыма,3961622,1.26349,1170658,29.55
Состояние фазы,3805421,1.21367,25985,0.682842
Переключатель,3118061,0.994451,477,0.015298
Состояние вентилятора,1987797,0.633973,145702,7.32982
Состояние насоса,1976744,0.630448,317979,16.086
Датчик температуры,1409472,0.449526,60087,4.26309
КД АВ,620739,0.197974,231019,37.2168
Тепловой датчик,501064,0.159806,2278,0.454633
Состояние охраны,315661,0.100675,8097,2.56509
ИБП,125930,0.0401632,22351,17.7487
Ручной извещатель,46070,0.0146932,11768,25.5437
КД Люк,36059,0.0115004,3839,10.6464
Стекло,31687,0.010106,9619,30.3563
Датчик затопления,12424,0.00396242,3739,30.095
9-секционный люк,502,0.000160104,87,17.3307
