feature,target,pearson
активных_дней,доля_тревог_%,-0.168252
доля_числовых_%,доля_тревог_%,-0.146627
событий_в_день,доля_тревог_%,-0.0582089
строк,доля_тревог_%,-0.0565568
числовых_значений,доля_тревог_%,-0.049209
текстовых_значений,доля_тревог_%,-0.0303564
максимум_значения,доля_тревог_%,-0.0287538
std_значения,доля_тревог_%,-0.0273368
среднее_значение,доля_тревог_%,-0.0267416
отрицательных_чисел,доля_тревог_%,-0.0226027
минимум_значения,доля_тревог_%,0.0169596
sentinel_значений,доля_тревог_%,0.00544451
пустых_значений,доля_тревог_%,
