значение,строк
Движения нет,28353973
Обнаружено движение,28353871
Норма,11914514
Неопределен,7503339
Не замкнут,2783109
Выключен,2319843
Включен,2101510
Неисправен,1500298
Обесточен,1288383
Есть питание,1105757
Дыма нет,173609
Обнаружен дым,172066
Разговор,108109
Вызов,93577
Работают все насосы в АНС,92229
На охране,83399
Снято с охраны,83386
Затоплен,64437
Рычаг норма,42103
Рычаг сдернут,42093
Питание от сети,26206
Питание от батарей,23041
Обнаружен газ,21784
В норме от +3 до +40,20096
Не определено,11837
Температура ниже 3ºC,10459
Отключено устройство,9189
Много неисправных устройств,8835
Устройства на объекте исправны,8831
Батарея неисправна,3454
Температура выше 40ºC,2105
Батарея разряжена,309
30.04.2019 08:39:02,2
02.04.2019 07:47:21,1
02.04.2019 08:07:39,1
02.04.2019 08:35:17,1
02.04.2019 08:35:21,1
08.02.2019 17:27:22,1
09.02.2019 07:55:47,1
09.02.2019 10:36:31,1
09.02.2019 12:57:46,1
09.02.2019 20:00:06,1
10.02.2019 07:54:23,1
10.02.2019 08:43:49,1
10.02.2019 08:43:52,1
10.02.2019 15:54:34,1
10.02.2019 15:54:38,1
10.02.2019 20:00:55,1
11.02.2019 07:03:50,1
11.02.2019 09:32:48,1
