feature,gain
object_id,53658.910271167755
alarm_today_mean28,15787.65231013298
target_dayofweek,8750.36680650711
alarm_today_mean7,5292.353196382523
historical_alarm_frequency,3875.114766597748
alarm_streak,2019.568076133728
annual_cos,1602.7351784706116
annual_sin,1535.0670020580292
parent_id,1323.441906929016
alarm_channels_mean28,1257.1464986801147
events_count_mean28,611.6259186267853
events_count_mean3,564.9808125495911
events_count_mean7,555.3594703674316
alarm_channel_fraction,506.5817017555237
observed_channels_lag7,331.6165580749512
observed_channels_mean28,313.30725049972534
alarm_count,294.5284688472748
observed_channels_lag14,269.2695188522339
events_count_lag7,219.8656301498413
no_power_channels_lag14,218.9392900466919
events_count,184.79810237884521
events_count_lag14,176.39458084106445
movement_detected_count,167.7653102874756
observed_channels_mean7,153.4832682609558
alarm_channels_mean7,152.1522912979126
observed_fraction,147.29162120819092
no_power_channels_lag1,147.03227972984314
days_since_alarm,142.7549204826355
events_count_lag2,142.04648971557617
catalog_channels,125.66804838180542
numeric_count,122.93610000610352
events_count_lag1,118.81251072883606
fault_channels_lag1,113.305180311203
fault_channels_mean28,101.40581941604614
no_power_channels_mean7,100.98547792434692
observed_channels_lag2,99.05461978912354
open_count,97.6651611328125
alarm_channels_mean3,94.88060092926025
fault_channels_lag7,86.98557090759277
observed_channels_lag1,86.87724018096924
alarm_today_mean3,73.52072048187256
no_power_channels_lag7,72.60162925720215
fault_channels_lag14,69.59503054618835
alarm_channels_lag7,69.26593971252441
observed_channels_mean3,67.2765302658081
no_power_channels_mean3,66.17584943771362
alarm_channels,62.84299969673157
observed_channels,58.3615505695343
no_power_count,54.48251962661743
no_power_channels_mean28,52.620909690856934
fault_channels_mean7,49.17688035964966
no_power_channels_lag2,46.21815013885498
on_count,45.82176065444946
alarm_channels_lag14,42.74371027946472
alarm_today_lag2,41.07640075683594
fault_count,35.85344982147217
alarm_today_lag1,29.40468978881836
fault_channels_mean3,28.41610050201416
alarm_channels_lag2,28.381470203399658
alarm_today_lag14,26.905529975891113
text_count,25.30745005607605
no_power_channels,24.533020496368408
alarm_channels_lag1,23.24049997329712
off_count,16.543999671936035
object_kind,16.282699584960938
fault_channels,10.239969730377197
alarm_today_lag7,6.409979820251465
undefined_count,4.090419769287109
fault_channels_lag2,0.0
alarm_today,0.0
observed_today,0.0
