feature,gain,gain_share
seq_pattern1_alarm,107868.13815307617,0.19363152614974793
seq_minutes_since_alarm,53289.292328834534,0.09565833968904955
historical_alarm_day_rate,51228.66275596619,0.09195935261227647
seq_alarm_rate_180d,39337.49477291107,0.070613800128609
channel_category,32811.92093753815,0.058899897929305216
seq_alarm_rate_60d,32357.02663421631,0.0580833279977464
old_alarm_days,29126.495714187622,0.052284278871382435
object_id,22428.125692367554,0.040260194352558724
seq_pattern2_alarm,17767.599151611328,0.03189419413971183
alarm_day_rate_90d,16315.43588924408,0.0292874504475964
dayofweek,13025.149564743042,0.02338113581761118
sensor_type,12309.104360580444,0.02209578012270288
annual_cos,11077.561595916748,0.01988506703241014
alarm_ewm_28,9004.201347351074,0.01616322742284659
annual_sin,8330.756518363953,0.01495434264697903
old_alarm_events,5985.704471588135,0.01074479556020712
alarm_count_log_ewm28,5508.190660476685,0.009887621888850342
other_object_events_count,5335.615880012512,0.00957783700993814
old_last_alarm_days_before_2025,4958.5959396362305,0.008901057492891617
alarm_ewm_7,4386.3531131744385,0.007873838021848191
alarm_count_log_ewm7,3845.2452430725098,0.006902508169554007
seq_alarm_tomorrow_weekday_12w,3668.927843093872,0.006586005003473862
parent_power_others,3582.1249017715454,0.006430187110532416
parent_alarm_rate,3490.476516723633,0.006265671276943042
parent_power_rate,2983.0231018066406,0.005354753735742519
parent_alarm_others,2712.6417932510376,0.00486939868730652
seq_observed_gap_cv,2251.3590908050537,0.004041361092606006
other_object_alarm_count,2155.8518962860107,0.0038699184020242945
intra_last_alarm_minute,2119.909225463867,0.003805398569529242
numeric_past28_std,1959.731183052063,0.003517866779893062
parent_fault_rate,1747.2915925979614,0.0031365215298630646
transition_from_0,1738.1902809143066,0.0031201839819879943
seq_pattern1_support,1567.4326171875,0.002813660966060291
seq_observed_tomorrow_weekday_12w,1539.7231712341309,0.002763920399470547
intra_last_event_minute,1454.039294242859,0.0026101113122616554
alarm_count_sum_7d,1349.102593421936,0.00242174193946095
old_alarm_days_per_observed_day,1319.9577159881592,0.0023694246640024543
old_fault_days,1312.2283153533936,0.0023555498009821194
seq_last_known_intra_last_event_minute,1251.5062894821167,0.0022465491383056725
alarm_rate_when_observed_28d,1220.5258121490479,0.0021909368211788403
quiet_streak,1205.1397037506104,0.0021633175843800458
seq_last_known_value_mean_1d,1086.5644073486328,0.0019504658934257522
other_object_no_power_count,1048.3744039535522,0.0018819119277444355
type_object_alarm_rate,1042.1378870010376,0.0018707169046722795
parent_fault_others,924.5599021911621,0.0016596554640081272
seq_alarm_tomorrow_weekday_4w,915.3307905197144,0.0016430885054182526
observation_change,846.1882991790771,0.0015189724656931199
seq_minutes_since_event,842.3643007278442,0.0015121080971336504
type_object_alarm_others,842.0221033096313,0.0015114938266969154
other_object_fault_count,801.3410959243774,0.0014384683190707672
seq_observed_cycle_fraction,776.2643928527832,0.0013934537265349602
old_no_power_days,756.1056003570557,0.0013572671581643769
undefined_count,666.5599975585938,0.0011965259789177335
seq_pattern2_support,664.3436985015869,0.001192547553256919
seq_observed_gap_ema,655.0363035202026,0.0011758400701615268
text_count,611.9071960449219,0.0010984200363600353
fault_ewm_28,606.7993021011353,0.0010892509775751057
days_since_fault,552.7555990219116,0.00099223841311271
text_share_1d,549.7064971923828,0.000986765043026357
fault_ewm_7,543.236798286438,0.0009751514405823276
undefined_count_sum_14d,483.96080207824707,0.0008687465113199849
intra_events_last6h,479.61190128326416,0.0008609399030626755
seq_alarm_last_gap,477.1461000442505,0.0008565136019763011
seq_alarm_cycle_fraction,476.265700340271,0.0008549332174325221
fault_count_sum_14d,433.3314952850342,0.0007778630483240675
events_trend_1_7,431.2143020629883,0.000774062525187598
old_events,412.2352018356323,0.0007399935943161221
seq_alarm_gap_ema,404.47089099884033,0.0007260560648234414
norm_count,397.4302978515625,0.0007134176637214197
intra_first_event_minute,363.3750982284546,0.0006522859858296692
days_since_alarm,341.677001953125,0.0006133362498995472
days_since_observed,335.08449840545654,0.0006015022037674895
no_power_ewm_28,334.17650032043457,0.0005998722780270975
events_count_same_weekday_4w,323.14300060272217,0.0005800663054230127
seq_pattern3_alarm,323.1307954788208,0.0005800443962957363
text_count_sum_14d,319.88089656829834,0.0005742105801508442
text_count_sum_7d,319.40470027923584,0.0005733557715319435
numeric_past28_mean,309.78870010375977,0.0005560943186014094
alarm_day_rate_7d,308.9123001098633,0.0005545211138419559
observed_ewm_28,304.6823034286499,0.0005469279475278273
seq_alarm_gap_cv,289.63590145111084,0.0005199185096358061
alarm_trend_7_28,276.19229793548584,0.0004957862170955518
seq_pattern3_support,269.02819538116455,0.00048292610719805865
observed_ewm_7,268.69039726257324,0.0004823197338393146
old_observed_days,258.39100551605225,0.00046383154097310534
old_last_observed_days_before_2025,256.1364965438843,0.00045978452560347245
seq_observed_last_gap,249.9204978942871,0.00044862633444828426
events_count_change,243.06970024108887,0.0004363286307181114
numeric_deviation,225.5734987258911,0.0004049216160127717
old_years_observed,212.39300060272217,0.00038126161769722365
type_object_power_rate,208.13230323791504,0.0003736133413170469
seq_observed_rate_180d,183.77730178833008,0.00032989425817712926
seq_last_known_intra_last_alarm_minute,183.74500274658203,0.0003298362789364199
seq_pattern3_observed,173.00619888305664,0.0003105593078426351
value_mean_1d,167.1318998336792,0.00030001449350295674
value_min,159.6861982345581,0.00028664889186582194
seq_events_count_lag6,159.28750038146973,0.000285933198843879
seq_fault_count_lag2,156.18130207061768,0.0002803573362235331
alarm_rate_14d,154.3310031890869,0.00027703590876220483
observed_days_28d,149.33930492401123,0.00026807543007317786
alarm_count_same_weekday_4w,144.68890285491943,0.0002597276040583232
transition_from_1,137.5497007369995,0.0002469121923412635
alarm_lag_14,137.17540073394775,0.00024624029531893874
alarm_rate_3d,130.43960189819336,0.0002341490232275086
events_count_log_ewm28,128.9822006225586,0.00023153287690250873
seq_no_power_count_lag6,123.64919853210449,0.00022195973184396508
undefined_count_sum_7d,105.94960021972656,0.0001901876043914667
engineering_system,101.05109977722168,0.0001813944228944299
alarm_switches_28d,98.1524019241333,0.00017619103940463623
seq_pattern2_observed,94.52579879760742,0.00016968101049200104
no_power_ewm_7,94.2067985534668,0.00016910838075005226
open_count_sum_3d,93.71680068969727,0.00016822879725304996
alarm_count_sum_14d,86.61439895629883,0.00015547944502992237
seq_fault_count_lag6,84.37579822540283,0.00015146098616537608
observed_days_90d,84.06850051879883,0.0001509093633698884
seq_events_count_lag2,83.70509815216064,0.00015025702843518576
value_max,83.16710090637207,0.0001492912823905236
seq_last_known_events_count,80.52560043334961,0.00014454958779308114
text_count_sum_3d,77.50080013275146,0.00013911984080262256
events_count_sum_7d,75.0487003326416,0.00013471813484295384
intra_alarm_count_last6h,74.83740043640137,0.00013433883543086778
no_power_count_sum_14d,74.47510147094727,0.00013368848118535556
seq_observed_tomorrow_weekday_4w,69.21179962158203,0.00012424045336982849
seq_pattern1_observed,66.80650043487549,0.00011992275807682361
object_kind,63.45720100402832,0.00011391051042490727
seq_observed_rate_60d,62.988999366760254,0.00011307005281506726
alarm_rate_7d,61.89780044555664,0.00011111126761618147
seq_last_known_value_std_1d,60.2912015914917,0.00010822730027096259
seq_alarm_rate_5d,60.25589942932129,0.00010816393020029591
open_count_sum_14d,57.081199645996094,0.00010246510221792935
alarm_day_rate_28d,56.65190029144287,0.00010169447716941617
seq_last_known_no_power_count,52.07429885864258,9.3477333843177e-05
type_object_power_others,52.01940155029297,9.337878899222053e-05
seq_age_value_mean_1d,50.373600006103516,9.042444983148729e-05
type_object_fault_others,48.05289936065674,8.625861536536463e-05
events_count_log_ewm7,47.90139961242676,8.598666177495924e-05
seq_no_power_count_lag2,47.18030071258545,8.469223431128104e-05
seq_events_count_lag1,45.11410045623779,8.098324743324816e-05
numeric_share_14d,43.12699890136719,7.741624875067046e-05
events_count_sum_14d,39.00600051879883,7.001874268687827e-05
events_count_sum_3d,33.18619918823242,5.9571755904491036e-05
seq_alarm_rate_14d,32.270999908447266,5.7928903470860745e-05
intra_first_event_is_alarm,31.190399169921875,5.598914281732758e-05
alarm_rate_1d,30.801000595092773,5.529014270834549e-05
movement_detected_count_sum_14d,29.981300354003906,5.3818718324973693e-05
observed_streak,27.557199478149414,4.946727256750133e-05
alarm_count_sum_3d,22.636699676513672,4.0634600544756405e-05
alarm_starts_28d,22.626399993896484,4.0616111829755185e-05
seq_fault_count_lag1,20.021900177001953,3.594083622903652e-05
movement_detected_count_sum_7d,19.74020004272461,3.5435163026081033e-05
fault_count_sum_3d,19.305299758911133,3.4654483882826905e-05
alarm_days_90d,19.252599716186523,3.4559883291070676e-05
observed_days_7d,18.880599975585938,3.3892115415096195e-05
alarm_days_28d,15.78339958190918,2.833240474160546e-05
seq_observed_rate_14d,15.748800277709961,2.8270296354545818e-05
open_count_sum_7d,14.151300430297852,2.5402662419496065e-05
type_object_fault_rate,13.79580020904541,2.4764512437802697e-05
is_weekend,12.526700019836426,2.248638090905839e-05
numeric_share_7d,11.97350025177002,2.1493345178670842e-05
seq_age_intra_last_event_is_alarm,10.06779956817627,1.8072467261734695e-05
no_movement_count,0.0,0.0
seq_no_power_count_lag1,0.0,0.0
open_count,0.0,0.0
numeric_count,0.0,0.0
missing_count,0.0,0.0
seq_last_known_alarm_count,0.0,0.0
movement_detected_count,0.0,0.0
seq_observed_rate_2d,0.0,0.0
seq_observed_rate_5d,0.0,0.0
on_count,0.0,0.0
seq_last_known_intra_last_event_is_alarm,0.0,0.0
off_count,0.0,0.0
no_power_count,0.0,0.0
fault_count,0.0,0.0
negative_count,0.0,0.0
seq_alarm_rate_2d,0.0,0.0
sentinel_count,0.0,0.0
seq_last_known_fault_count,0.0,0.0
alarm_count,0.0,0.0
movement_detected_count_sum_3d,0.0,0.0
numeric_share_1d,0.0,0.0
alarm_days_7d,0.0,0.0
numeric_count_sum_14d,0.0,0.0
missing_count_sum_14d,0.0,0.0
negative_count_sum_14d,0.0,0.0
sentinel_count_sum_14d,0.0,0.0
alarm_days_3d,0.0,0.0
observed_days_3d,0.0,0.0
alarm_day_rate_3d,0.0,0.0
alarm_count_change,0.0,0.0
missing_share_1d,0.0,0.0
seen_before_or_today,0.0,0.0
alarm_streak,0.0,0.0
fault_streak,0.0,0.0
alarm_lag_28,0.0,0.0
no_power_streak,0.0,0.0
alarm_lag_7,0.0,0.0
alarm_lag_2,0.0,0.0
no_power_count_sum_7d,0.0,0.0
fault_count_sum_7d,0.0,0.0
sentinel_count_sum_7d,0.0,0.0
negative_count_sum_7d,0.0,0.0
value_std_1d,0.0,0.0
value_range_1d,0.0,0.0
numeric_count_sum_3d,0.0,0.0
missing_count_sum_3d,0.0,0.0
negative_count_sum_3d,0.0,0.0
sentinel_count_sum_3d,0.0,0.0
no_power_count_sum_3d,0.0,0.0
undefined_count_sum_3d,0.0,0.0
alarm_lag_1,0.0,0.0
intra_last_event_is_alarm,0.0,0.0
numeric_share_3d,0.0,0.0
intra_last_timestamp_ties,0.0,0.0
intra_alarm_count_last12h,0.0,0.0
numeric_count_sum_7d,0.0,0.0
missing_count_sum_7d,0.0,0.0
events_count,0.0,0.0
