model,rows,positives,positive_rate,average_precision,roc_auc,threshold,precision,recall,f1,true_positive,false_positive,false_negative,max_f1,precision_at_max_f1,recall_at_max_f1,requirement_achievable,max_recall_at_precision_gt_0_7,threshold_precision_gt_0_7
blend_top2_0.5,689820,6282,0.009106723493085153,0.22418728149960537,0.8730143953510999,0.15942651173099123,0.3024390243902439,0.25660617637695,0.27764381674130206,1612,3718,4670,0.27764381674130206,0.3024390243902439,0.25660617637695,False,0.08516396052212671,0.416900911015922
blend_top2_0.75,689820,6282,0.009106723493085153,0.22385536511935739,0.8701770459033358,0.17084100498621746,0.3226411164340762,0.24657752308182107,0.2795272038256789,1549,3252,4733,0.2795272038256789,0.3226411164340762,0.24657752308182107,False,0.09328239414199299,0.40069079982825917
blend_hurdle_0.75,689820,6282,0.009106723493085153,0.2228264516331994,0.8519036886567976,0.15820966558588434,0.31081608746583367,0.25342247691817893,0.2792002806032971,1592,3530,4690,0.2792002806032971,0.31081608746583367,0.25342247691817893,False,0.09328239414199299,0.36286087344686024
blend_top3,689820,6282,0.009106723493085153,0.22267699232054763,0.8682412359007484,0.14301720881078667,0.2805640121775356,0.2787328876154091,0.27964545236764354,1751,4490,4531,0.27964545236764354,0.2805640121775356,0.2787328876154091,False,0.08723336517032793,0.4200731716756487
blend_top2_0.25,689820,6282,0.009106723493085153,0.22202671332387725,0.8752406258586631,0.14253445336943016,0.275611681136543,0.27793696275071633,0.2767694380597606,1746,4589,4536,0.2767694380597606,0.275611681136543,0.27793696275071633,False,0.07370264247055078,0.4452078022007705
v2_control,689820,6282,0.009106723493085153,0.22143092585457785,0.866854631148475,0.17259363929398303,0.32146553508590353,0.2472142629735753,0.2794924862773328,1553,3278,4729,0.2794924862773328,0.32146553508590353,0.2472142629735753,False,0.08755173511620502,0.4249409748606906
blend_hurdle_0.5,689820,6282,0.009106723493085153,0.22119947474637988,0.8473229531115656,0.13741174268371997,0.2820168067226891,0.26711238459089465,0.27436232831916285,1678,4272,4604,0.27436232831916285,0.2820168067226891,0.26711238459089465,False,0.08548233046800383,0.34690727599527754
blend_cat_lgb_0.75,689820,6282,0.009106723493085153,0.2200812343830592,0.8752673676802701,0.14909511917684187,0.2864321608040201,0.26313276026743077,0.2742885588650129,1653,4118,4629,0.2742885588650129,0.2864321608040201,0.26313276026743077,False,0.07099649793059536,0.43100886548880324
blend_cat_lgb_0.5,689820,6282,0.009106723493085153,0.21908914814674452,0.8717600113460648,0.15933931008127172,0.3062730627306273,0.2510347023241006,0.27591636777184847,1577,3572,4705,0.27591636777184847,0.3062730627306273,0.2510347023241006,False,0.07147405284941101,0.4194983919844337
cat_memory8,689820,6282,0.009106723493085153,0.21775861488428197,0.875101410910236,0.15543448770297413,0.2960403436682854,0.252308182107609,0.27243038844963907,1585,3769,4697,0.27243038844963907,0.2960403436682854,0.252308182107609,False,0.06876790830945559,0.46299802236302157
cat_memory6,689820,6282,0.009106723493085153,0.2155840129203134,0.8579288385317955,0.1495486748124981,0.2946330777656079,0.25692454632282713,0.27448979591836736,1614,3864,4668,0.27448979591836736,0.2946330777656079,0.25692454632282713,False,0.08213944603629417,0.4484057476572152
cat_no_identity,689820,6282,0.009106723493085153,0.21492107966276014,0.8527916827611542,0.17315533147314793,0.33380281690140845,0.22636103151862463,0.26977803073420603,1422,2838,4860,0.26977803073420603,0.33380281690140845,0.22636103151862463,False,0.07768226679401465,0.4855068838015533
blend_cat_lgb_0.25,689820,6282,0.009106723493085153,0.21452884133249417,0.8666580987061672,0.15180038610572297,0.29060595195410543,0.25803884113339703,0.2733558178752108,1621,3957,4661,0.2733558178752108,0.29060595195410543,0.25803884113339703,False,0.06797198344476281,0.4179616625510263
blend_hurdle_0.25,689820,6282,0.009106723493085153,0.213743132086801,0.8436358572414031,0.13524726670890186,0.28501980554555273,0.25198981216173194,0.2674890165596485,1583,3971,4699,0.2674890165596485,0.28501980554555273,0.25198981216173194,False,0.08293537090098695,0.31880587738346555
lgb_memory63,689820,6282,0.009106723493085153,0.206091586069138,0.8565666234740683,0.14066137089452052,0.2692430533375918,0.26838586437440304,0.2688137755102041,1686,4576,4596,0.2688137755102041,0.2692430533375918,0.26838586437440304,False,0.05921680993314231,0.42864751237190335
lgb_recent60,689820,6282,0.009106723493085153,0.2032640711796333,0.8521195645495715,0.0963683900169323,0.2548229196659948,0.2817574021012416,0.2676141517992138,1770,5176,4512,0.2676141517992138,0.2548229196659948,0.2817574021012416,False,0.06160458452722063,0.3365305183140355
lgb_memory31,689820,6282,0.009106723493085153,0.19972927141323205,0.8501226098396272,0.14383807913479274,0.25925925925925924,0.2663164597262018,0.26274047899489594,1673,4780,4609,0.26274047899489594,0.25925925925925924,0.2663164597262018,False,0.055396370582617004,0.4666853123070527
hurdle,689820,6282,0.009106723493085153,0.19713183803889028,0.8396879182818409,0.13027617621402848,0.2776007497656982,0.23575294492199936,0.2549711629508479,1481,3854,4801,0.2549711629508479,0.2776007497656982,0.23575294492199936,False,0.06080865966252786,0.3392753136146593
