target_month,model,rows,objects,days,k,feature_start,feature_end,issue_start,issue_end,onsets,onset_prevalence,average_precision,precision_at_k,recall,tp,warnings,warnings_per_day,undefined_recall,date_semantics,warning_onset,warning_repeat_alarm,warning_no_alarm
2024-01,hurdle_15,2220,74,30,10,2023-12-31,2024-01-29,2024-01-01,2024-01-30,305,0.1373873873873874,0.24705579536952757,0.23,0.2262295081967213,69,300,10.0,False,feature_day_D; issue_day_D_plus_1; target_day_D_plus_2,69,59,172
2024-01,any_alarm_control,2220,74,30,10,2023-12-31,2024-01-29,2024-01-01,2024-01-30,305,0.1373873873873874,0.19356849805704066,0.19333333333333333,0.1901639344262295,58,300,10.0,False,feature_day_D; issue_day_D_plus_1; target_day_D_plus_2,58,152,90
2024-01,frequency,2220,74,30,10,2023-12-31,2024-01-29,2024-01-01,2024-01-30,305,0.1373873873873874,0.19810676572805558,0.21333333333333335,0.2098360655737705,64,300,10.0,False,feature_day_D; issue_day_D_plus_1; target_day_D_plus_2,64,66,170
2024-02,hurdle_15,2146,74,29,10,2024-01-30,2024-02-27,2024-01-31,2024-02-28,253,0.11789375582479031,0.32895337637823746,0.23103448275862068,0.2648221343873518,67,290,10.0,False,feature_day_D; issue_day_D_plus_1; target_day_D_plus_2,67,45,178
2024-02,any_alarm_control,2146,74,29,10,2024-01-30,2024-02-27,2024-01-31,2024-02-28,253,0.11789375582479031,0.16574496003194536,0.13448275862068965,0.1541501976284585,39,290,10.0,False,feature_day_D; issue_day_D_plus_1; target_day_D_plus_2,39,175,76
2024-02,frequency,2146,74,29,10,2024-01-30,2024-02-27,2024-01-31,2024-02-28,253,0.11789375582479031,0.17720242436292144,0.1896551724137931,0.21739130434782608,55,290,10.0,False,feature_day_D; issue_day_D_plus_1; target_day_D_plus_2,55,57,178
2024-03,hurdle_15,2294,74,31,10,2024-02-28,2024-03-29,2024-02-29,2024-03-30,289,0.12598081952920662,0.2513417335208726,0.22580645161290322,0.2422145328719723,70,310,10.0,False,feature_day_D; issue_day_D_plus_1; target_day_D_plus_2,70,50,190
2024-03,any_alarm_control,2294,74,31,10,2024-02-28,2024-03-29,2024-02-29,2024-03-30,289,0.12598081952920662,0.1644737043948104,0.15806451612903225,0.1695501730103806,49,310,10.0,False,feature_day_D; issue_day_D_plus_1; target_day_D_plus_2,49,176,85
2024-03,frequency,2294,74,31,10,2024-02-28,2024-03-29,2024-02-29,2024-03-30,289,0.12598081952920662,0.18812440054850377,0.2032258064516129,0.2179930795847751,63,310,10.0,False,feature_day_D; issue_day_D_plus_1; target_day_D_plus_2,63,70,177
2024-04,hurdle_15,2220,74,30,10,2024-03-30,2024-04-28,2024-03-31,2024-04-29,293,0.131981981981982,0.24895435441660374,0.23,0.2354948805460751,69,300,10.0,False,feature_day_D; issue_day_D_plus_1; target_day_D_plus_2,69,52,179
2024-04,any_alarm_control,2220,74,30,10,2024-03-30,2024-04-28,2024-03-31,2024-04-29,293,0.131981981981982,0.18053467801152656,0.15666666666666668,0.16040955631399317,47,300,10.0,False,feature_day_D; issue_day_D_plus_1; target_day_D_plus_2,47,140,113
2024-04,frequency,2220,74,30,10,2024-03-30,2024-04-28,2024-03-31,2024-04-29,293,0.131981981981982,0.1900816537169892,0.20666666666666667,0.21160409556313994,62,300,10.0,False,feature_day_D; issue_day_D_plus_1; target_day_D_plus_2,62,70,168
2024-05,hurdle_15,2294,74,31,10,2024-04-29,2024-05-29,2024-04-30,2024-05-30,307,0.13382737576285963,0.28171552805693856,0.2129032258064516,0.21498371335504887,66,310,10.0,False,feature_day_D; issue_day_D_plus_1; target_day_D_plus_2,66,62,182
2024-05,any_alarm_control,2294,74,31,10,2024-04-29,2024-05-29,2024-04-30,2024-05-30,307,0.13382737576285963,0.18947907846831566,0.19032258064516128,0.19218241042345277,59,310,10.0,False,feature_day_D; issue_day_D_plus_1; target_day_D_plus_2,59,143,108
2024-05,frequency,2294,74,31,10,2024-04-29,2024-05-29,2024-04-30,2024-05-30,307,0.13382737576285963,0.18300243224039955,0.1870967741935484,0.18892508143322476,58,310,10.0,False,feature_day_D; issue_day_D_plus_1; target_day_D_plus_2,58,77,175
2024-06,hurdle_15,2220,74,30,10,2024-05-30,2024-06-28,2024-05-31,2024-06-29,278,0.12522522522522522,0.32907061997383835,0.24333333333333335,0.26258992805755393,73,300,10.0,False,feature_day_D; issue_day_D_plus_1; target_day_D_plus_2,73,61,166
2024-06,any_alarm_control,2220,74,30,10,2024-05-30,2024-06-28,2024-05-31,2024-06-29,278,0.12522522522522522,0.17360165891630752,0.13666666666666666,0.1474820143884892,41,300,10.0,False,feature_day_D; issue_day_D_plus_1; target_day_D_plus_2,41,184,75
2024-06,frequency,2220,74,30,10,2024-05-30,2024-06-28,2024-05-31,2024-06-29,278,0.12522522522522522,0.1864069801430687,0.18666666666666668,0.2014388489208633,56,300,10.0,False,feature_day_D; issue_day_D_plus_1; target_day_D_plus_2,56,85,159
