index,user,cycle,route,start_offset_seconds,latency_ms,status,response_bytes,record_id,error
0,19,0,GET runs,7.641699630767107e-05,94.86683295108378,200,5913,,
1,1,0,GET queue,0.00010900001507252455,45.58912490028888,200,364813,,
2,4,0,GET card,0.00014354195445775986,4.7232500510290265,200,7576,,
3,6,0,GET journal,0.00017799995839595795,94.82316696085036,200,239,,
4,11,0,GET queue,0.00020033400505781174,89.6713329711929,200,364813,,
5,8,0,GET feedback,0.0002353339223191142,5.785249988548458,200,43,,
6,15,0,GET card,0.0002517920220270753,9.423124953173101,200,7576,,
7,16,0,GET tickets,0.00027112499810755253,94.97854195069522,200,42,,
8,13,0,GET feedback,0.0002882089465856552,94.89179099909961,200,43,,
9,18,0,GET tickets,0.00030695891473442316,53.64725005347282,200,42,,
10,3,1,GET runs,0.00033324991818517447,92.9111250443384,200,5913,,
11,2,1,GET queue,0.0003481250023469329,28.026583953760564,200,355960,,
12,7,1,GET card,0.00036462501157075167,44.13583397399634,200,5997,,
13,12,1,GET journal,0.0003914589760825038,90.18854098394513,200,239,,
14,10,1,GET queue,0.00042095896787941456,94.19774997513741,200,355960,,
15,14,1,GET feedback,0.0005157499108463526,94.7985420934856,200,43,,
16,0,1,GET card,0.0005476250080391765,47.91866696905345,200,5997,,
17,5,1,GET tickets,0.0005704999202862382,94.28275004029274,200,42,,
18,9,1,GET feedback,0.0005863339174538851,94.20600009616464,200,43,,
19,17,1,GET tickets,0.0006233339663594961,96.2569999974221,200,42,,
20,4,2,GET runs,0.0048737089382484555,91.8299580225721,200,5913,,
21,8,2,GET queue,0.0060236669378355145,90.46862507238984,200,359584,,
22,15,2,GET card,0.009682999923825264,54.12587500177324,200,6789,,
23,2,2,GET journal,0.0284231249243021,75.63283399213105,200,239,,
24,7,2,GET queue,0.04450916696805507,68.8287919620052,200,359584,,
25,1,2,GET feedback,0.0457518749171868,139.55050008371472,200,43,,
26,0,2,GET card,0.048470749985426664,56.01491697598249,200,6789,,
27,18,2,GET tickets,0.05395729199517518,125.38441701326519,200,42,,
28,15,2,GET feedback,0.06381387496367097,116.63483397569507,200,43,,
29,11,2,GET tickets,0.08992362499702722,89.29787494707853,200,42,,
30,12,3,GET runs,0.09058308391831815,88.36395805701613,200,5913,,
31,3,3,GET queue,0.09324841701891273,49.0633329609409,200,351586,,
32,10,3,GET card,0.0946744589600712,47.88983298931271,200,6407,,
33,9,3,GET journal,0.09479558398015797,87.40658301394433,200,239,,
34,5,3,GET queue,0.0948563750134781,64.65254200156778,200,351586,,
35,19,3,GET feedback,0.09494783391710371,88.7053330661729,200,43,,
36,6,3,GET card,0.09500374994240701,63.04625002667308,200,6407,,
37,13,3,GET tickets,0.09518466691952199,85.58666706085205,200,42,,
38,16,3,GET feedback,0.09525224997196347,84.77316703647375,200,43,,
39,14,3,GET tickets,0.09531745896674693,83.5468330187723,200,42,,
40,8,4,GET runs,0.0965409999480471,67.0841250102967,200,5913,,
41,4,4,GET queue,0.0967104589799419,61.18987500667572,200,367961,,
42,17,4,GET card,0.09688629198353738,61.3434580154717,200,6790,,
43,2,4,GET journal,0.10406079201493412,82.03070797026157,200,239,,
44,0,4,GET queue,0.10448945895768702,74.25554096698761,200,367961,,
45,7,4,GET feedback,0.11339208402205259,91.09154099132866,200,43,,
46,3,4,GET card,0.14236183394677937,43.34908304736018,200,6790,,
47,10,4,GET tickets,0.14256816694978625,76.07345806900412,200,42,,
48,4,4,GET feedback,0.1579442919464782,97.68420807085931,200,43,,
49,6,4,GET tickets,0.1580533339874819,98.9311250159517,200,42,,
50,17,5,GET runs,0.1582357919542119,61.15195795428008,200,5913,,
51,5,5,GET queue,0.15954599995166063,42.46699996292591,200,359549,,
52,8,5,GET card,0.16362920892424881,31.221000012010336,200,6390,,
53,0,5,GET journal,0.17879737494513392,78.42383405659348,200,239,,
54,14,5,GET queue,0.17886724998243153,39.650792023167014,200,359549,,
55,12,5,GET feedback,0.17895279196090996,73.96549999248236,200,43,,
56,11,5,GET card,0.1792262919479981,42.77858301065862,200,6390,,
57,18,5,GET tickets,0.1793445840012282,72.15037499554455,200,42,,
58,16,5,GET feedback,0.1800283339107409,79.09979100804776,200,43,,
59,15,5,GET tickets,0.18045149999670684,78.45625001937151,200,42,,
60,13,6,GET runs,0.18077383399941027,71.69337500818074,200,5913,,
61,9,6,GET queue,0.18220520892646164,58.42054099775851,200,364813,,
62,19,6,GET card,0.18365508399438113,43.556332937441766,200,6795,,
63,1,6,GET journal,0.18530391692183912,91.82875009719282,200,239,,
64,3,6,GET queue,0.18571524997241795,63.867999939247966,200,364813,,
65,2,6,GET feedback,0.18609445891343057,101.92554106470197,200,43,,
66,8,6,GET card,0.1948548749787733,61.16004195064306,200,6795,,
67,5,6,GET tickets,0.20205645891837776,75.500333099626,200,42,,
68,7,6,GET feedback,0.20448845892678946,128.43937508296221,200,43,,
69,14,6,GET tickets,0.21856483398005366,114.74195797927678,200,42,,
70,10,7,GET runs,0.21864454192109406,114.41633303184062,200,5913,,
71,17,7,GET queue,0.2193947919877246,59.358667000196874,200,355960,,
72,11,7,GET card,0.2220090419286862,42.87574999034405,200,6412,,
73,19,7,GET journal,0.22721604199614376,105.47358298208565,200,239,,
74,9,7,GET queue,0.2406832919223234,46.8630000250414,200,355960,,
75,3,7,GET feedback,0.24962575000245124,83.88608391396701,200,43,,
76,18,7,GET card,0.25150145892985165,36.180750001221895,200,6412,,
77,13,7,GET tickets,0.2524711249861866,83.99995893705636,200,42,,
78,12,7,GET feedback,0.25292154191993177,79.66583303641528,200,43,,
79,4,7,GET tickets,0.25563074997626245,77.73266697768122,200,42,,
80,8,8,GET runs,0.25601791695225984,77.12141703814268,200,5913,,
81,6,8,GET queue,0.25698750000447035,75.45920892152935,200,359584,,
82,0,8,GET card,0.2572237919084728,37.09400002844632,200,7163,,
83,15,8,GET journal,0.2589129590196535,74.66883293818682,200,239,,
84,16,8,GET queue,0.259130458929576,72.12991605047137,200,359584,,
85,11,8,GET feedback,0.264890042017214,74.70816699787974,200,43,,
86,1,8,GET card,0.2771374169969931,59.10770792979747,200,7163,,
87,5,8,GET tickets,0.2775610419921577,114.8131670197472,200,42,,
88,17,8,GET feedback,0.2788041669409722,123.0610420461744,200,43,,
89,9,8,GET tickets,0.2875898339552805,114.41070795990527,200,42,,
90,18,9,GET runs,0.2876876249210909,105.59537506196648,200,5913,,
91,2,9,GET queue,0.2880222919629887,64.28258295636624,200,351586,,
92,0,9,GET card,0.2943227499490604,58.21204197127372,200,5988,,
93,16,9,GET journal,0.3313096669735387,77.2325829602778,200,239,,
94,6,9,GET queue,0.3324888750212267,30.414499924518168,200,351586,,
95,12,9,GET feedback,0.33259012491907924,81.55300002545118,200,43,,
96,19,9,GET card,0.33269304200075567,54.88404200877994,200,5988,,
97,7,9,GET tickets,0.33293195895384997,111.37233301997185,200,42,,
98,10,9,GET feedback,0.3330667919944972,82.14370801579207,200,43,,
99,8,9,GET tickets,0.3331452920101583,80.88816690724343,200,42,,
100,14,10,GET runs,0.33331091701984406,77.15824991464615,200,5913,,
101,4,10,GET queue,0.3333666669204831,49.23716699704528,200,367961,,
102,3,10,GET card,0.3335137920221314,37.12287498638034,200,7168,,
103,15,10,GET journal,0.3335839589126408,79.36170801986009,200,239,,
104,1,10,GET queue,0.3362492499873042,65.34858397208154,200,367961,,
105,13,10,GET feedback,0.33647512493189424,79.87287500873208,200,43,,
106,11,10,GET card,0.3396016670158133,49.44145795889199,200,7168,,
107,2,10,GET tickets,0.35238037491217256,98.94633409567177,200,42,,
108,0,10,GET feedback,0.3525391250150278,94.78341694921255,200,43,,
109,6,10,GET tickets,0.36295770900323987,102.64512500725687,200,42,,
110,3,11,GET runs,0.37064270896371454,102.08133305422962,200,5913,,
111,4,11,GET queue,0.38264587498269975,60.600750031881034,200,359549,,
112,19,11,GET card,0.38758529198821634,55.801042006351054,200,6415,,
113,11,11,GET journal,0.3890520000131801,125.56641700211912,200,239,,
114,5,11,GET queue,0.3923781670164317,38.592749973759055,200,359549,,
115,18,11,GET feedback,0.3932892919983715,126.1579169658944,200,43,,
116,1,11,GET card,0.40163895895238966,49.27366599440575,200,6415,,
117,17,11,GET tickets,0.40186766698025167,107.04174998681992,200,42,,
118,9,11,GET feedback,0.40200233401264995,110.62933295033872,200,43,,
119,16,11,GET tickets,0.4085458340123296,102.5753750000149,200,42,,
120,14,12,GET runs,0.4104734589345753,40.97345797345042,200,5913,,
121,15,12,GET queue,0.4129485000157729,52.10224993061274,200,364813,,
122,8,12,GET card,0.4140380419557914,37.05891699064523,200,7560,,
123,12,12,GET journal,0.41414620901923627,99.98449997510761,200,239,,
124,10,12,GET queue,0.4152157499920577,70.41074999142438,200,364813,,
125,13,12,GET feedback,0.4163525839103386,125.60537504032254,200,43,,
126,5,12,GET card,0.431015916983597,80.02612495329231,200,7560,,
127,4,12,GET tickets,0.44328858400695026,99.06066593248397,200,42,,
128,19,12,GET feedback,0.44338991690892726,108.00075007136911,200,43,,
129,7,12,GET tickets,0.44430858397390693,83.64645799156278,200,42,,
130,0,13,GET runs,0.44732591696083546,73.1123749865219,200,5913,,
131,1,13,GET queue,0.45091883395798504,44.28287502378225,200,355960,,
132,8,13,GET card,0.45110145898070186,57.69541603513062,200,5984,,
133,2,13,GET journal,0.4513292919145897,100.14216706622392,200,239,,
134,14,13,GET queue,0.4514515419723466,56.60649994388223,200,355960,,
135,15,13,GET feedback,0.46510183392092586,87.12112507782876,200,43,,
136,6,13,GET card,0.4656076669925824,54.292666958644986,200,5984,,
137,3,13,GET tickets,0.47272937500383705,100.93608393799514,200,42,,
138,10,13,GET feedback,0.48567750002257526,96.32170898839831,200,43,,
139,1,13,GET tickets,0.4952465839451179,74.0916250506416,200,42,,
140,14,14,GET runs,0.5080992919392884,66.22620800044388,200,5913,,
141,8,14,GET queue,0.5088013339554891,28.397541027516127,200,359584,,
142,17,14,GET card,0.5089132089633495,28.41966599225998,200,7158,,
143,5,14,GET journal,0.5110475840047002,74.49924992397428,200,239,,
144,16,14,GET queue,0.511123833945021,40.15762498602271,200,359584,,
145,9,14,GET feedback,0.5126336249522865,72.28833402041346,200,43,,
146,12,14,GET card,0.5141327499877661,29.023124952800572,200,7158,,
147,11,14,GET tickets,0.514623541967012,91.39299998059869,200,42,,
148,18,14,GET feedback,0.5194516669725999,86.30600001197308,200,43,,
149,6,14,GET tickets,0.5199054169934243,71.84512494131923,200,42,,
150,0,15,GET runs,0.5204436249332502,53.9992090780288,200,5913,,
151,7,15,GET queue,0.5279581670183688,53.73179190792143,200,351586,,
152,8,15,GET card,0.5372468749992549,46.95200000423938,200,6006,,
153,17,15,GET journal,0.5373354170005769,96.41941695008427,200,239,,
154,13,15,GET queue,0.5419606249779463,65.19949994981289,200,351586,,
155,4,15,GET feedback,0.5423638339852914,111.25716601964086,200,43,,
156,12,15,GET card,0.5431587499333546,49.42225001286715,200,6006,,
157,16,15,GET tickets,0.5513347089290619,87.58333302102983,200,42,,
158,19,15,GET feedback,0.551394208916463,84.58170806989074,200,43,,
159,2,15,GET tickets,0.5514735839096829,80.99308307282627,200,42,,
160,15,16,GET runs,0.5522256669355556,80.77720808796585,200,5913,,
161,1,16,GET queue,0.5693424589699134,53.97645803168416,200,367961,,
162,3,16,GET card,0.5736679589608684,58.23225004132837,200,7166,,
163,14,16,GET journal,0.5743294589919969,99.58841593470424,200,239,,
164,0,16,GET queue,0.5744455839740112,40.60750000644475,200,367961,,
165,7,16,GET feedback,0.5817442499101162,71.74316700547934,200,43,,
166,10,16,GET card,0.5820015839999542,46.65712499991059,200,7166,,
167,8,16,GET tickets,0.5842041670111939,89.8014169652015,200,42,,
168,9,16,GET feedback,0.5849241249961779,101.32033401168883,200,43,,
169,5,16,GET tickets,0.5855500840116292,112.1386659797281,200,42,,
170,6,17,GET runs,0.5917528339195997,82.67358306329697,200,5913,,
171,12,17,GET queue,0.5925892919767648,60.61854201834649,200,359549,,
172,18,17,GET card,0.6057610840070993,47.79929097276181,200,6008,,
173,11,17,GET journal,0.6060192090226337,126.889165956527,200,239,,
174,13,17,GET queue,0.6072094169212505,59.0614581014961,200,359549,,
175,0,17,GET feedback,0.615095124929212,115.77120900619775,200,43,,
176,1,17,GET card,0.6233593339566141,30.4211659822613,200,6008,,
177,10,17,GET tickets,0.6286626670043916,88.88145792298019,200,42,,
178,3,17,GET feedback,0.6319079169770703,100.16320797149092,200,43,,
179,2,17,GET tickets,0.632469791918993,99.30762508884072,200,42,,
180,15,18,GET runs,0.6330059169558808,72.96262495219707,200,5913,,
181,17,18,GET queue,0.6337591250194237,48.630874953232706,200,364813,,
182,19,18,GET card,0.6359789170091972,47.6479169446975,200,6786,,
183,16,18,GET journal,0.6389212500071153,115.67779199685901,200,239,,
184,12,18,GET queue,0.6532550419215113,51.78683309350163,200,364813,,
185,7,18,GET feedback,0.6534896249650046,117.33962502330542,200,43,,
186,18,18,GET card,0.6535629999125376,69.36695904005319,200,6786,,
187,4,18,GET tickets,0.6536239999113604,100.86783405859023,200,42,,
188,1,18,GET feedback,0.6537836670177057,117.66512494068593,200,43,,
189,13,18,GET tickets,0.6663159999297932,105.03291699569672,200,42,,
190,14,19,GET runs,0.6739208339713514,73.0174999916926,200,5913,,
191,8,19,GET queue,0.6740074999397621,56.51887506246567,200,355960,,
192,6,19,GET card,0.6744295419193804,56.51962500996888,200,6416,,
193,17,19,GET journal,0.6824479169445112,89.62937502656132,200,239,,
194,19,19,GET queue,0.6836316669359803,33.079458051361144,200,355960,,
195,9,19,GET feedback,0.6862473340006545,91.94862493313849,200,43,,
196,5,19,GET card,0.6976921670138836,40.16379197128117,200,6416,,
197,12,19,GET tickets,0.7050850419327617,66.80750008672476,200,42,,
198,15,19,GET feedback,0.7059724999126047,86.09816699754447,200,43,,
199,19,19,GET tickets,0.7167643749853596,59.70491701737046,200,42,,
200,10,20,GET runs,0.7175490419613197,66.71775004360825,200,5913,,
201,18,20,GET queue,0.7229347919346765,47.77587507851422,200,359584,,
202,8,20,GET card,0.7305803339695558,40.556457941420376,200,7160,,
203,0,20,GET journal,0.7308698339620605,73.73912504408509,200,239,,
204,6,20,GET queue,0.730953999911435,32.90204203221947,200,359584,,
205,2,20,GET feedback,0.7317808750085533,49.6404169825837,200,43,,
206,3,20,GET card,0.7320729589555413,22.73379103280604,200,7160,,
207,11,20,GET tickets,0.7329111249418929,48.295667045749724,200,42,,
208,5,20,GET feedback,0.7378588749561459,110.66216696053743,200,43,,
209,14,20,GET tickets,0.7469426249153912,114.9990000994876,200,42,,
210,4,21,GET runs,0.7544955839402974,104.89662503823638,200,5913,,
211,16,21,GET queue,0.7546012919628993,81.23141701798886,200,351586,,
212,3,21,GET card,0.7548107500188053,38.88070897664875,200,6417,,
213,6,21,GET journal,0.7639009589329362,98.77237502951175,200,239,,
214,18,21,GET queue,0.7707514589419588,31.289416016079485,200,351586,,
215,7,21,GET feedback,0.7708320419769734,115.18083303235471,200,43,,
216,8,21,GET card,0.771140958997421,21.809333004057407,200,6417,,
217,13,21,GET tickets,0.7713526670122519,115.13520800508559,200,42,,
218,1,21,GET feedback,0.7714511669473723,77.14199996553361,200,43,,
219,12,21,GET tickets,0.7718945000087842,81.07474993448704,200,42,,
220,17,22,GET runs,0.7720795839559287,86.6449159802869,200,5913,,
221,19,22,GET queue,0.7764712090138346,69.29062493145466,200,367961,,
222,9,22,GET card,0.7781985419569537,68.71258304454386,200,7172,,
223,11,22,GET journal,0.7812088339123875,83.53512501344085,200,239,,
224,2,22,GET queue,0.7814238339196891,37.90687501896173,200,367961,,
225,10,22,GET feedback,0.7842703339410946,110.91345804743469,200,43,,
226,15,22,GET card,0.7920734590152279,72.19904090743512,200,7172,,
227,8,22,GET tickets,0.7929557500174269,138.02574994042516,200,42,,
228,3,22,GET feedback,0.7936944590182975,146.34300000034273,200,43,,
229,18,22,GET tickets,0.8020917499670759,124.85208397265524,200,42,,
230,0,23,GET runs,0.8046138749923557,84.2742919921875,200,5913,,
231,2,23,GET queue,0.8193863750202581,57.80845892149955,200,359549,,
232,16,23,GET card,0.835891249938868,52.805625018663704,200,6423,,
233,19,23,GET journal,0.8458022499689832,94.55912502016872,200,239,,
234,9,23,GET queue,0.8469145839335397,60.1782500743866,200,359549,,
235,5,23,GET feedback,0.8485248750075698,105.30912491958588,200,43,,
236,1,23,GET card,0.8485947499284521,40.75783398002386,200,6423,,
237,12,23,GET tickets,0.8529726249398664,78.9461670210585,200,42,,
238,17,23,GET feedback,0.8587321250233799,86.65049995761365,200,43,,
239,4,23,GET tickets,0.8593966249609366,81.75454195588827,200,42,,
240,14,24,GET runs,0.86194729199633,68.65416700020432,200,5913,,
241,6,24,GET queue,0.8626772089628503,59.62216597981751,200,364813,,
242,15,24,GET card,0.8642790839076042,59.75137511268258,200,6791,,
243,11,24,GET journal,0.864746541948989,91.21870796661824,200,239,,
244,2,24,GET queue,0.8772500000195578,62.5647499691695,200,364813,,
245,7,24,GET feedback,0.8860171670094132,90.01237491611391,200,43,,
246,13,24,GET card,0.8864940839121118,40.00541602727026,200,6791,,
247,16,24,GET tickets,0.8887047920143232,65.27966691646725,200,42,,
248,0,24,GET feedback,0.8888938339659944,52.96766594983637,200,43,,
249,1,24,GET tickets,0.8893578340066597,64.56858292222023,200,42,,
250,10,25,GET runs,0.8951871669851243,106.57233302481472,200,5913,,
251,9,25,GET queue,0.907136833993718,46.479083015583456,200,355960,,
252,6,25,GET card,0.9223642919678241,78.89533299021423,200,6400,,
253,15,25,GET journal,0.9240351669723168,86.28654200583696,200,239,,
254,13,25,GET queue,0.9265029999660328,43.31591702066362,200,355960,,
255,18,25,GET feedback,0.9269464999670163,100.92324996367097,200,43,,
256,14,25,GET card,0.9306072499603033,42.12866700254381,200,6400,,
257,8,25,GET tickets,0.9309838749468327,88.53416703641415,200,42,,
258,12,25,GET feedback,0.9319222919875756,71.75179198384285,200,43,,
259,2,25,GET tickets,0.9398721249308437,113.10625006444752,200,42,,
260,3,26,GET runs,0.9400415839627385,100.24149995297194,200,5913,,
261,19,26,GET queue,0.9403651249594986,48.25837502721697,200,359584,,
262,4,26,GET card,0.9411557499552146,31.80479200091213,200,7162,,
263,0,26,GET journal,0.9418647919083014,99.85445800703019,200,239,,
264,17,26,GET queue,0.9453853339655325,52.650250028818846,200,359584,,
265,9,26,GET feedback,0.953681833925657,97.38612500950694,200,43,,
266,5,26,GET card,0.9538379999576136,50.88479199912399,200,7162,,
267,1,26,GET tickets,0.9539296249859035,113.01908397581428,200,42,,
268,16,26,GET feedback,0.9539883339311928,93.80008303560317,200,43,,
269,11,26,GET tickets,0.9559679590165615,102.88308293092996,200,42,,
270,13,27,GET runs,0.9698644999880344,88.82399997673929,200,5913,,
271,14,27,GET queue,0.9727424170123413,44.66999997384846,200,351586,,
272,4,27,GET card,0.9729659589938819,46.7494159238413,200,5998,,
273,7,27,GET journal,0.9760324999224395,104.9788340460509,200,239,,
274,19,27,GET queue,0.9886666249949485,50.049667013809085,200,351586,,
275,17,27,GET feedback,0.9980839589843526,82.79925002716482,200,43,,
276,6,27,GET card,1.0012659589992836,53.583125001750886,200,5998,,
277,10,27,GET tickets,1.001764209009707,77.79899996239692,200,42,,
278,12,27,GET feedback,1.0036775839980692,63.56416596099734,200,43,,
279,5,27,GET tickets,1.0047283339081332,84.15387501008809,200,42,,
280,15,28,GET runs,1.0103245839709416,69.95250005275011,200,5913,,
281,14,28,GET queue,1.0174732499290258,49.34979206882417,200,367961,,
282,8,28,GET card,1.0195207089418545,39.4547909963876,200,6827,,
283,4,28,GET journal,1.0197205839212984,92.8627080284059,200,239,,
284,18,28,GET queue,1.0278724170057103,60.597291914746165,200,367961,,
285,19,28,GET feedback,1.0387572499457747,83.73775007203221,200,43,,
286,3,28,GET card,1.0402890419354662,67.8190829930827,200,6827,,
287,0,28,GET tickets,1.0417232089675963,120.5361660104245,200,42,,
288,16,28,GET feedback,1.0477914590155706,97.11533295921981,200,43,,
289,9,28,GET tickets,1.0510710419621319,89.81799997854978,200,42,,
290,2,29,GET runs,1.0529809589497745,79.40595806576312,200,5913,,
291,6,29,GET queue,1.054858166957274,77.3733330424875,200,359549,,
292,13,29,GET card,1.0586942919762805,43.933458044193685,200,6409,,
293,11,29,GET journal,1.0588546670041978,106.67112492956221,200,239,,
294,8,29,GET queue,1.0589817919535562,43.41095802374184,200,359549,,
295,14,29,GET feedback,1.0668727919692174,82.89266703650355,200,43,,
296,1,29,GET card,1.06695145892445,65.51566603593528,200,6409,,
297,12,29,GET tickets,1.0672438339097425,95.1327501097694,200,42,,
298,10,29,GET feedback,1.0795672920066863,86.53862494975328,200,43,,
299,15,29,GET tickets,1.0802810000022873,68.87970899697393,200,42,,
300,17,30,GET runs,1.0808861249824986,69.70629200804979,200,5913,,
301,7,30,GET queue,1.081013459013775,59.594874968752265,200,364813,,
302,18,30,GET card,1.0885130419628695,52.345250034704804,200,6778,,
303,5,30,GET journal,1.088884999975562,81.02787495590746,200,239,,
304,8,30,GET queue,1.1024507089750841,59.585541021078825,200,364813,,
305,13,30,GET feedback,1.1026359170209616,112.19283298123628,200,43,,
306,3,30,GET card,1.108113041962497,58.571457979269326,200,6778,,
307,4,30,GET tickets,1.1125877919839695,108.43933303840458,200,42,,
308,19,30,GET feedback,1.1225003749132156,116.11050006467849,200,43,,
309,6,30,GET tickets,1.1322835419559851,107.5604580109939,200,42,,
310,2,31,GET runs,1.13239079201594,102.09341696463525,200,5913,,
311,1,31,GET queue,1.132469999953173,50.2608340466395,200,355960,,
312,7,31,GET card,1.1406637500040233,29.02212494518608,200,6413,,
313,18,31,GET journal,1.140861374908127,99.07720901537687,200,239,,
314,9,31,GET queue,1.1408909589517862,52.56791599094868,200,355960,,
315,16,31,GET feedback,1.144910083967261,96.8218749621883,200,43,,
316,15,31,GET card,1.1491628339281306,26.151708094403148,200,6413,,
317,14,31,GET tickets,1.1497683339985088,94.78604095056653,200,42,,
318,17,31,GET feedback,1.1505960419308394,89.74950003903359,200,43,,
319,8,31,GET tickets,1.162088833982125,79.53687501139939,200,42,,
320,0,32,GET runs,1.1622645419556648,74.22154198866338,200,5913,,
321,12,32,GET queue,1.1623795420164242,44.98004191555083,200,359584,,
322,11,32,GET card,1.1655285839224234,33.755625016056,200,7156,,
323,10,32,GET journal,1.1661104999948293,87.8724999492988,200,239,,
324,3,32,GET queue,1.1666907499311492,64.4275420345366,200,359584,,
325,7,32,GET feedback,1.1696933339117095,121.65091605857015,200,43,,
326,5,32,GET card,1.169916749931872,50.69608404301107,200,7156,,
327,15,32,GET tickets,1.1753194169141352,93.58179208356887,200,42,,
328,1,32,GET feedback,1.1827891250140965,119.134874898009,200,43,,
329,9,32,GET tickets,1.1935107499593869,98.43116695992649,200,42,,
330,11,33,GET runs,1.1992895839503035,102.46416600421071,200,5913,,
331,12,33,GET queue,1.2074012919329107,54.61170803755522,200,351586,,
332,13,33,GET card,1.21483220893424,29.39933305606246,200,6414,,
333,5,33,GET journal,1.2206165839452296,94.887875020504,200,239,,
334,4,33,GET queue,1.2210299589205533,47.72562498692423,200,351586,,
335,3,33,GET feedback,1.231162833981216,76.88545796554536,200,43,,
336,2,33,GET card,1.2344897500006482,20.26999997906387,200,6414,,
337,0,33,GET tickets,1.2364909169264138,70.11825009249151,200,42,,
338,19,33,GET feedback,1.2386145839700475,78.38212500791997,200,43,,
339,6,33,GET tickets,1.239847542019561,75.37820795550942,200,42,,
340,18,34,GET runs,1.2399416669504717,75.42966702021658,200,5913,,
341,17,34,GET queue,1.2403481249930337,41.40454193111509,200,367961,,
342,8,34,GET card,1.2416278750170022,64.71324991434813,200,6779,,
343,16,34,GET journal,1.2417391670169309,80.64620790537447,200,239,,
344,13,34,GET queue,1.244237249949947,57.24516697227955,200,367961,,
345,14,34,GET feedback,1.2445575839374214,102.01062506530434,200,43,,
346,10,34,GET card,1.2539863749407232,59.76116703823209,200,6779,,
347,2,34,GET tickets,1.2547663339646533,82.30808295775205,200,42,,
348,12,34,GET feedback,1.2620599999791011,76.18333399295807,200,43,,
349,4,34,GET tickets,1.2688053339952603,114.62687491439283,200,42,,
350,15,35,GET runs,1.2689035419607535,59.36191696673632,200,5913,,
351,17,35,GET queue,1.2817989169852808,55.134583031758666,200,359549,,
352,7,35,GET card,1.2913482500007376,47.46287490706891,200,6420,,
353,9,35,GET journal,1.2919482499128208,103.69695909321308,200,239,,
354,13,35,GET queue,1.3015366250183433,68.1483339285478,200,359549,,
355,11,35,GET feedback,1.3017587090143934,82.48029090464115,200,43,,
356,1,35,GET card,1.3019280419684947,58.74395801220089,200,6420,,
357,8,35,GET tickets,1.3063460419652984,83.64004199393094,200,42,,
358,0,35,GET feedback,1.306613374967128,77.68579199910164,200,43,,
359,3,35,GET tickets,1.308051333995536,82.34487497247756,200,42,,
360,10,36,GET runs,1.3137530839303508,82.58204103913158,200,5913,,
361,6,36,GET queue,1.3152289169374853,66.55624997802079,200,364813,,
362,18,36,GET card,1.3153762499568984,45.16233399044722,200,7163,,
363,5,36,GET journal,1.3155061670113355,96.3884579250589,200,239,,
364,19,36,GET queue,1.3169989169109613,43.30991709139198,200,364813,,
365,16,36,GET feedback,1.3223896669223905,75.76629205141217,200,43,,
366,15,36,GET card,1.328271958976984,56.21554097160697,200,7163,,
367,17,36,GET tickets,1.3369807089911774,101.86370799783617,200,42,,
368,2,36,GET feedback,1.3370765839936212,129.26083302590996,200,43,,
369,12,36,GET tickets,1.3382456249091774,128.18729202263057,200,42,,
370,7,37,GET runs,1.3388175419531763,100.18445795867592,200,5913,,
371,14,37,GET queue,1.3465719169471413,64.54383302479982,200,355960,,
372,19,37,GET card,1.3604010000126436,67.55387492012233,200,6417,,
373,18,37,GET journal,1.3605434999335557,108.67762507405132,200,239,,
374,1,37,GET queue,1.3606771249324083,89.96787504293025,200,355960,,
375,13,37,GET feedback,1.3697410839376971,97.94712497387081,200,43,,
376,6,37,GET card,1.381837417022325,29.60862498730421,200,6417,,
377,4,37,GET tickets,1.3834359999746084,84.42004199605435,200,42,,
378,11,37,GET feedback,1.3842429589712992,85.43091604951769,200,43,,
379,0,37,GET tickets,1.3843009589472786,86.91737498156726,200,42,,
380,15,38,GET runs,1.3844909589970484,82.16079091653228,200,5913,,
381,8,38,GET queue,1.389990666997619,68.90604190994054,200,359584,,
382,3,38,GET card,1.3904021669877693,33.969499985687435,200,6797,,
383,9,38,GET journal,1.3956486249808222,74.1905840113759,200,239,,
384,10,38,GET queue,1.3963401250075549,68.88604199048132,200,359584,,
385,16,38,GET feedback,1.3981592499185354,72.27250002324581,200,43,,
386,14,38,GET card,1.4111818339442834,57.73612507618964,200,6797,,
387,6,38,GET tickets,1.4114514999091625,59.507250087335706,200,42,,
388,5,38,GET feedback,1.4118989589624107,62.61241598986089,200,43,,
389,3,38,GET tickets,1.4243764999555424,71.37008395511657,200,42,,
390,19,39,GET runs,1.4279636669671163,75.84716705605388,200,5913,,
391,17,39,GET queue,1.4388482089852914,48.09504095464945,200,351586,,
392,7,39,GET card,1.4390070419758558,55.17637496814132,200,6421,,
393,1,39,GET journal,1.450691666919738,95.91962501872331,200,239,,
394,8,39,GET queue,1.4589373749913648,55.93679193407297,200,351586,,
395,10,39,GET feedback,1.4652672089869156,80.59904095716774,200,43,,
396,2,39,GET card,1.466340833925642,66.75875000655651,200,6421,,
397,12,39,GET tickets,1.466435374924913,89.99620901886374,200,42,,
398,15,39,GET feedback,1.4666555000003427,79.43616691045463,200,43,,
399,13,39,GET tickets,1.467690874938853,86.95166697725654,200,42,,
400,4,40,GET runs,1.4678581249900162,78.97383393719792,200,5913,,
401,14,40,GET queue,1.4689232499804348,63.61179193481803,200,367961,,
402,18,40,GET card,1.4692260419251397,63.47483303397894,200,6812,,
403,11,40,GET journal,1.4696769999573007,94.12970906123519,200,239,,
404,9,40,GET queue,1.4698417090112343,51.72941600903869,200,367961,,
405,16,40,GET feedback,1.470434374990873,93.33754202816635,200,43,,
406,6,40,GET card,1.4709632499143481,51.81383399758488,200,6812,,
407,0,40,GET tickets,1.471220833947882,110.01850001048297,200,42,,
408,5,40,GET feedback,1.474515917012468,89.366624946706,200,43,,
409,17,40,GET tickets,1.4869907919783145,95.00950004439801,200,42,,
410,7,41,GET runs,1.4941876250086352,86.61087497603148,200,5913,,
411,3,41,GET queue,1.4957527499645948,67.84816703293473,200,359549,,
412,19,41,GET card,1.503815499949269,76.30979199893773,200,5989,,
413,8,41,GET journal,1.514925624942407,67.76520900893956,200,239,,
414,9,41,GET queue,1.5216149169718847,50.283791963011026,200,359549,,
415,6,41,GET feedback,1.5227830419316888,59.32320805732161,200,43,,
416,14,41,GET card,1.5325749999610707,41.40379198361188,200,5989,,
417,18,41,GET tickets,1.5327055419329554,67.7287500584498,200,42,,
418,2,41,GET feedback,1.5331056249560788,67.1427920460701,200,43,,
419,10,41,GET tickets,1.5458695839624852,109.97504100669175,200,42,,
420,15,42,GET runs,1.5460952089633793,102.74366603698581,200,5913,,
421,1,42,GET queue,1.546615416998975,51.57499993219972,200,364813,,
422,4,42,GET card,1.5468374999472871,39.47766707278788,200,6804,,
423,13,42,GET journal,1.5546456669690087,125.19804202020168,200,239,,
424,12,42,GET queue,1.5564346249448135,55.59737503062934,200,364813,,
425,3,42,GET feedback,1.5636464999988675,124.08741691615433,200,43,,
426,16,42,GET card,1.563775666989386,36.84158297255635,200,6804,,
427,11,42,GET tickets,1.5638103749370202,108.65495901089162,200,42,,
428,5,42,GET feedback,1.5638845840003341,110.30116595793515,200,43,,
429,9,42,GET tickets,1.5719442499103025,85.3999590035528,200,42,,
430,14,43,GET runs,1.573982041911222,82.25700003094971,200,5913,,
431,19,43,GET queue,1.5801292919786647,56.45816703327,200,355960,,
432,7,43,GET card,1.5808026669546962,34.013416967354715,200,6377,,
433,0,43,GET journal,1.581241499981843,106.33404203690588,200,239,,
434,17,43,GET queue,1.582002874929458,66.70491700060666,200,355960,,
435,6,43,GET feedback,1.5821107500232756,106.86154197901487,200,43,,
436,8,43,GET card,1.5826932919444516,41.42683302052319,200,6377,,
437,4,43,GET tickets,1.586321041919291,101.08925006352365,200,42,,
438,1,43,GET feedback,1.5982569589978084,91.23666596133262,200,43,,
439,2,43,GET tickets,1.60025112493895,106.3414589734748,200,42,,
440,18,44,GET runs,1.6004364169202745,78.56929209083319,200,5913,,
441,16,44,GET queue,1.6006219589617103,64.68787498306483,200,359584,,
442,12,44,GET card,1.6120812919689342,62.7991670044139,200,7153,,
443,7,44,GET journal,1.6148204589262605,88.37733301334083,200,239,,
444,8,44,GET queue,1.62412441696506,63.13058303203434,200,359584,,
445,19,44,GET feedback,1.6366406249580905,83.99466704577208,200,43,,
446,17,44,GET card,1.6487473750021309,41.26174992416054,200,7153,,
447,15,44,GET tickets,1.648841583984904,112.43295797612518,200,42,,
448,10,44,GET feedback,1.6558479589875787,84.77045793551952,200,43,,
449,14,44,GET tickets,1.656243541976437,83.70504202321172,200,42,,
450,9,45,GET runs,1.657346999971196,80.99954202771187,200,5913,,
451,16,45,GET queue,1.6653567919274792,37.63537504710257,200,351586,,
452,11,45,GET card,1.6724682919448242,47.5222080713138,200,6022,,
453,5,45,GET journal,1.6741884589428082,109.05470803845674,200,239,,
454,12,45,GET queue,1.6748852919554338,42.18958306591958,200,351586,,
455,18,45,GET feedback,1.67900958401151,90.38904099725187,200,43,,
456,13,45,GET card,1.6798491249792278,40.59333400800824,200,6022,,
457,8,45,GET tickets,1.6872994590085,107.27149993181229,200,42,,
458,4,45,GET feedback,1.6874130419455469,110.37070804741234,200,43,,
459,0,45,GET tickets,1.6875779170077294,111.50320793967694,200,42,,
460,3,46,GET runs,1.6877360419603065,72.56816700100899,200,5913,,
461,6,46,GET queue,1.688974375021644,47.65104199759662,200,367961,,
462,1,46,GET card,1.6894952500006184,48.719958984293044,200,7581,,
463,17,46,GET journal,1.6900152089074254,103.0975830508396,200,239,,
464,16,46,GET queue,1.703044333960861,56.10666598659009,200,367961,,
465,7,46,GET feedback,1.703203083947301,96.54133301228285,200,43,,
466,2,46,GET card,1.7065954169956967,77.48045795597136,200,7581,,
467,12,46,GET tickets,1.7171150839421898,84.34100006707013,200,42,,
468,11,46,GET feedback,1.7199946669861674,81.78912498988211,200,43,,
469,13,46,GET tickets,1.7204462089575827,81.22045802883804,200,42,,
470,19,47,GET runs,1.720637458958663,80.37070801947266,200,5913,,
471,6,47,GET queue,1.7366753339301795,40.442915982566774,200,359549,,
472,1,47,GET card,1.7382204589666799,30.70266603026539,200,6022,,
473,9,47,GET journal,1.7383496669353917,63.62433300819248,200,239,,
474,14,47,GET queue,1.7399527919478714,50.969499978236854,200,359549,,
475,10,47,GET feedback,1.7406214169459417,61.01204198785126,200,43,,
476,16,47,GET card,1.7591945419553667,38.48891705274582,200,6022,,
477,3,47,GET tickets,1.7603081669658422,51.689667045138776,200,42,,
478,15,47,GET feedback,1.7612781249918044,44.499084004200995,200,43,,
479,1,47,GET tickets,1.7689282919745892,69.27887501660734,200,42,,
480,18,48,GET runs,1.7694044589297846,96.63387504406273,200,5913,,
481,6,48,GET queue,1.7771651250077412,42.94408392161131,200,364813,,
482,5,48,GET card,1.7832469589775428,50.84012495353818,200,6789,,
483,2,48,GET journal,1.7840801669517532,92.20950002782047,200,239,,
484,14,48,GET queue,1.7909686249913648,40.419291937723756,200,364813,,
485,17,48,GET feedback,1.7931148749776185,81.2665419653058,200,43,,
486,8,48,GET card,1.7945745419710875,53.7592499749735,200,6789,,
487,16,48,GET tickets,1.7976868340047076,83.90624995809048,200,42,,
488,4,48,GET feedback,1.7977859999518842,115.12733402196318,200,43,,
489,0,48,GET tickets,1.7990843339357525,86.07170800678432,200,42,,
490,7,49,GET runs,1.7997467089444399,79.22979106660932,200,5913,,
491,19,49,GET queue,1.8010125840082765,55.08404097054154,200,355960,,
492,12,49,GET card,1.801458542002365,47.20816691406071,200,5619,,
493,10,49,GET journal,1.8016358750173822,80.13791695702821,200,239,,
494,13,49,GET queue,1.801669416949153,46.455750009045005,200,355960,,
495,11,49,GET feedback,1.8017852919874713,72.51054199878126,200,43,,
496,9,49,GET card,1.8019759169546887,29.630083008669317,200,5619,,
497,15,49,GET tickets,1.8057799169328064,121.2900000391528,200,42,,
498,3,49,GET feedback,1.8120017090113834,125.499332905747,200,43,,
499,6,49,GET tickets,1.8201614589197561,54.56137505825609,200,42,,
500,14,50,GET runs,1.8314413339830935,125.75329095125198,200,5913,,
501,9,50,GET queue,1.83161045901943,63.97366593591869,200,359584,,
502,5,50,GET card,1.8340909589314833,51.31850007455796,200,7185,,
503,1,50,GET journal,1.8382102919276804,111.60829209256917,200,239,,
504,13,50,GET queue,1.8481749169295654,64.51604200992733,200,359584,,
505,8,50,GET feedback,1.8483372499467805,108.9610840426758,200,43,,
506,12,50,GET card,1.8486737499479204,50.04862498026341,200,7185,,
507,19,50,GET tickets,1.8561453339643776,97.23120799753815,200,42,,
508,18,50,GET feedback,1.866044291993603,104.84620800707489,200,43,,
509,11,50,GET tickets,1.8743018339155242,97.10225008893758,200,42,,
510,17,51,GET runs,1.8743834999622777,82.23149995319545,200,5913,,
511,6,51,GET queue,1.8747247499413788,52.211917005479336,200,351586,,
512,2,51,GET card,1.876293791923672,36.55150008853525,200,5989,,
513,7,51,GET journal,1.8789842089172453,79.67062504030764,200,239,,
514,16,51,GET queue,1.8815976670011878,68.08720796834677,200,351586,,
515,10,51,GET feedback,1.8817769999150187,103.97095908410847,200,43,,
516,0,51,GET card,1.8851604169467464,69.88570804242045,200,5989,,
517,5,51,GET tickets,1.8854164589429274,115.58387498371303,200,42,,
518,9,51,GET feedback,1.8956387089565396,135.67179103847593,200,43,,
519,12,51,GET tickets,1.8987269999925047,91.61091700661927,200,42,,
520,13,52,GET runs,1.9127382090082392,95.45395791064948,200,5913,,
521,2,52,GET queue,1.9128493749303743,57.16137506533414,200,367961,,
522,4,52,GET card,1.9129154999973252,58.78550000488758,200,7198,,
523,6,52,GET journal,1.9269895839970559,108.67924999911338,200,239,,
524,15,52,GET queue,1.9270721669308841,58.288667001761496,200,367961,,
525,3,52,GET feedback,1.9375061249593273,128.92875005491078,200,43,,
526,16,52,GET card,1.9497308749705553,35.975708975456655,200,7198,,
527,1,52,GET tickets,1.9498212499311194,115.56616704910994,200,42,,
528,19,52,GET feedback,1.9533800840144977,103.92024996690452,200,43,,
529,0,52,GET tickets,1.955050874967128,97.5175000494346,200,42,,
530,17,53,GET runs,1.9566192500060424,75.23558393586427,200,5913,,
531,14,53,GET queue,1.9571990419644862,58.81458299700171,200,359549,,
532,8,53,GET card,1.9573038750095293,51.26062501221895,200,5988,,
533,7,53,GET journal,1.9586569169769064,93.04420801345259,200,239,,
534,2,53,GET queue,1.9700574999442324,52.62795905582607,200,359549,,
535,18,53,GET feedback,1.9708936249371618,98.70387497358024,200,43,,
536,11,53,GET card,1.9714067499153316,36.11420909874141,200,5988,,
537,4,53,GET tickets,1.9717052089981735,85.03233292140067,200,42,,
538,15,53,GET feedback,1.985422124969773,83.42841698322445,200,43,,
539,16,53,GET tickets,1.9857135839993134,79.61437501944602,200,42,,
540,10,54,GET runs,1.9857507919659838,66.52608304284513,200,5913,,
541,12,54,GET queue,1.9903407089877874,61.214332934468985,200,364813,,
542,5,54,GET card,2.0010028339456767,65.83537498954684,200,7561,,
543,11,54,GET journal,2.007525875000283,108.39483398012817,200,239,,
544,13,54,GET queue,2.008197166956961,57.00637504924089,200,364813,,
545,8,54,GET feedback,2.008567916927859,106.69216699898243,200,43,,
546,14,54,GET card,2.016057083965279,53.22495801374316,200,7561,,
547,2,54,GET tickets,2.022730084019713,109.4297079835087,200,42,,
548,9,54,GET feedback,2.03131333400961,87.85287500359118,200,43,,
549,17,54,GET tickets,2.031858083908446,108.70316601358354,200,42,,
550,6,55,GET runs,2.0356734169181436,80.54829202592373,200,5913,,
551,12,55,GET queue,2.051613333984278,29.95179092977196,200,355960,,
552,7,55,GET card,2.0517034999793395,41.924749966710806,200,5985,,
553,10,55,GET journal,2.0522809169488028,87.25695800967515,200,239,,
554,0,55,GET queue,2.052570999949239,48.29554201569408,200,355960,,
555,4,55,GET feedback,2.056740166968666,87.70358294714242,200,43,,
556,19,55,GET card,2.0573028749786317,55.79254194162786,200,5985,,
557,13,55,GET tickets,2.065244916942902,80.96083300188184,200,42,,
558,16,55,GET feedback,2.0653306669555604,79.96450003702193,200,43,,
559,1,55,GET tickets,2.0653890420217067,79.42854193970561,200,42,,
560,3,56,GET runs,2.066440249909647,74.53095901291817,200,5913,,
561,5,56,GET queue,2.0668424589093775,43.897374998778105,200,359584,,
562,15,56,GET card,2.0688534999499097,49.77620905265212,200,7182,,
563,14,56,GET journal,2.069286208949052,77.10212504025549,200,239,,
564,18,56,GET queue,2.069600375019945,61.49262492544949,200,359584,,
565,12,56,GET feedback,2.081622791942209,95.6854170653969,200,43,,
566,7,56,GET card,2.0936336669838056,52.67504195217043,200,7182,,
567,0,56,GET tickets,2.100914333947003,75.27016603853554,200,42,,
568,5,56,GET feedback,2.1107868750113994,68.4754999820143,200,43,,
569,19,56,GET tickets,2.1130985419731587,66.66004203725606,200,42,,
570,8,57,GET runs,2.115262166946195,62.17695807572454,200,5913,,
571,11,57,GET queue,2.1159238750115037,57.86712490953505,200,351586,,
572,6,57,GET card,2.1162252919748425,35.91470804531127,200,5636,,
573,15,57,GET journal,2.118633374921046,59.89633407443762,200,239,,
574,9,57,GET queue,2.1191692089196295,44.681166065856814,200,351586,,
575,18,57,GET feedback,2.1311325839487836,49.47183304466307,200,43,,
576,2,57,GET card,2.132162249996327,45.82024994306266,200,5636,,
577,10,57,GET tickets,2.139540583943017,41.38974996749312,200,42,,
578,17,57,GET feedback,2.140564666944556,110.41983298491687,200,43,,
579,3,57,GET tickets,2.1409777499502525,99.36733404174447,200,42,,
580,4,58,GET runs,2.1444467089604586,72.16541597153991,200,5913,,
581,1,58,GET queue,2.1448225419735536,65.64970803447068,200,367961,,
582,16,58,GET card,2.145298291929066,38.585999980568886,200,7173,,
583,13,58,GET journal,2.1462086669635028,106.51458299253136,200,239,,
584,7,58,GET queue,2.1463122089626268,53.73333301395178,200,367961,,
585,14,58,GET feedback,2.1463903749827296,112.49770899303257,200,43,,
586,6,58,GET card,2.152144791907631,37.62654203455895,200,7173,,
587,9,58,GET tickets,2.163895541918464,102.97733300831169,200,42,,
588,11,58,GET feedback,2.1738336249254644,80.56512498296797,200,43,,
589,0,58,GET tickets,2.176186416996643,106.32929194252938,200,42,,
590,12,59,GET runs,2.177310291910544,74.05316701624542,200,5913,,
591,8,59,GET queue,2.177442624932155,62.76891706511378,200,359549,,
592,2,59,GET card,2.177985958987847,63.406000030227005,200,6412,,
593,15,59,GET journal,2.1785320839844644,91.44520794507116,200,239,,
594,5,59,GET queue,2.179265624959953,54.31654199492186,200,359549,,
595,19,59,GET feedback,2.179760874947533,102.55287506151944,200,43,,
596,18,59,GET card,2.1806066249264404,44.99170905910432,200,6412,,
597,10,59,GET tickets,2.1809362919302657,103.08412509039044,200,42,,
598,16,59,GET feedback,2.183898749994114,94.8365000076592,200,43,,
599,6,59,GET tickets,2.189776042010635,94.28858291357756,200,42,,
600,7,60,GET runs,2.200095583917573,103.57995808590204,200,5913,,
601,1,60,GET queue,2.2105141669744626,56.07083300128579,200,364813,,
602,4,60,GET card,2.216616666992195,42.51745797228068,200,6779,,
603,18,60,GET journal,2.225602791993879,100.20649991929531,200,239,,
604,5,60,GET queue,2.233627541922033,44.256667024455965,200,364813,,
605,8,60,GET feedback,2.2402506249491125,64.1726249596104,200,43,,
606,3,60,GET card,2.240347124985419,39.012708934023976,200,6779,,
607,2,60,GET tickets,2.2413958340184763,109.39991590566933,200,42,,
608,17,60,GET feedback,2.250992208952084,101.26141598448157,200,43,,
609,12,60,GET tickets,2.2513677090173587,101.3617079006508,200,42,,
610,13,61,GET runs,2.252726624952629,73.00329196732491,200,5913,,
611,11,61,GET queue,2.2544007499236614,46.51887505315244,200,355960,,
612,14,61,GET card,2.2588904589647427,43.76158304512501,200,6020,,
613,4,61,GET journal,2.2591384169645607,95.92387499287724,200,239,,
614,1,61,GET queue,2.2666404999326915,53.43633401207626,200,355960,,
615,9,61,GET feedback,2.266875625005923,90.15545900911093,200,43,,
616,15,61,GET card,2.269983166945167,53.88433299958706,200,6020,,
617,5,61,GET tickets,2.2779260840034112,87.65720797237009,200,42,,
618,16,61,GET feedback,2.2787377500208095,108.60329191200435,200,43,,
619,3,61,GET tickets,2.279366625007242,76.0562919313088,200,42,,
620,19,62,GET runs,2.28231641696766,83.47183302976191,200,5913,,
621,0,62,GET queue,2.2825186669360846,68.14529199618846,200,359584,,
622,10,62,GET card,2.2840224999235943,69.40345908515155,200,6775,,
623,6,62,GET journal,2.2840661249356344,121.29416700918227,200,239,,
624,11,62,GET queue,2.300974249956198,42.76883404236287,200,359584,,
625,14,62,GET feedback,2.3026560839498416,74.8952500289306,200,43,,
626,7,62,GET card,2.3036810839548707,40.26391601655632,200,6775,,
627,8,62,GET tickets,2.3044269590172917,112.47862491291016,200,42,,
628,1,62,GET feedback,2.3201384999556467,79.09100002143532,200,43,,
629,15,62,GET tickets,2.323874249937944,93.10237504541874,200,42,,
630,13,63,GET runs,2.325734124984592,83.17870902828872,200,5913,,
631,18,63,GET queue,2.325812374940142,50.15116697177291,200,351586,,
632,11,63,GET card,2.3437955839326605,64.88720804918557,200,5999,,
633,7,63,GET journal,2.3439502919791266,90.28141701128334,200,239,,
634,0,63,GET queue,2.350710916914977,43.89475006610155,200,351586,,
635,2,63,GET feedback,2.35079766693525,83.62304198089987,200,43,,
636,17,63,GET card,2.352256292011589,34.988416940905154,200,5999,,
637,12,63,GET tickets,2.352732416940853,82.57858303841203,200,42,,
638,10,63,GET feedback,2.3534314589342102,80.72837500367314,200,43,,
639,4,63,GET tickets,2.3550644170027226,79.90454195532948,200,42,,
640,3,64,GET runs,2.355425167013891,79.19624994974583,200,5913,,
641,9,64,GET queue,2.3570342499297112,59.681041981093585,200,367961,,
642,5,64,GET card,2.365586166968569,51.85087502468377,200,6776,,
643,19,64,GET journal,2.3657924169674516,70.36104204598814,200,239,,
644,18,64,GET queue,2.3760218339739367,57.918541016988456,200,367961,,
645,14,64,GET feedback,2.37755441700574,58.14804194960743,200,43,,
646,17,64,GET card,2.387249374995008,53.627791930921376,200,6776,,
647,16,64,GET tickets,2.387344416929409,58.33008303306997,200,42,,
648,0,64,GET feedback,2.394648666959256,44.569832971319556,200,43,,
649,1,64,GET tickets,2.3992319999961182,62.636999995447695,200,42,,
650,6,65,GET runs,2.4053633749717847,87.20754203386605,200,5913,,
651,11,65,GET queue,2.4086875839857385,53.01716597750783,200,359549,,
652,13,65,GET card,2.408917583990842,36.21866600587964,200,5612,,
653,9,65,GET journal,2.416779458988458,119.84058294910938,200,239,,
654,8,65,GET queue,2.416908249957487,61.90079206135124,200,359549,,
655,15,65,GET feedback,2.416978874942288,113.91658405773342,200,43,,
656,5,65,GET card,2.417447166983038,44.8870420223102,200,5612,,
657,18,65,GET tickets,2.4339927500113845,104.16816698852926,200,42,,
658,10,65,GET feedback,2.4341647499240935,109.2691250378266,200,43,,
659,7,65,GET tickets,2.434234124957584,96.51458403095603,200,42,,
660,2,66,GET runs,2.434425125014968,95.74854199308902,200,5913,,
661,3,66,GET queue,2.4346260419115424,67.03675002790987,200,364813,,
662,4,66,GET card,2.4349728749366477,66.85200007632375,200,6808,,
663,12,66,GET journal,2.4353140839375556,115.77887507155538,200,239,,
664,14,66,GET queue,2.4357044589705765,76.56270801089704,200,364813,,
665,19,66,GET feedback,2.4361557089723647,105.31033296138048,200,43,,
666,0,66,GET card,2.439221250009723,80.73645900003612,200,6808,,
667,17,66,GET tickets,2.440881999908015,103.6465420620516,200,42,,
668,13,66,GET feedback,2.445141042000614,106.39949992764741,200,43,,
669,16,66,GET tickets,2.445677208947018,101.19145805947483,200,42,,
670,11,67,GET runs,2.461773374932818,81.27308404073119,200,5913,,
671,1,67,GET queue,2.461871083942242,67.14566599112004,200,355960,,
672,5,67,GET card,2.4623394169611856,69.19333303812891,200,5986,,
673,8,67,GET journal,2.478862624964677,98.72120898216963,200,239,,
674,6,67,GET queue,2.492576833930798,68.53566598147154,200,355960,,
675,3,67,GET feedback,2.5017166669713333,121.74537498503923,200,43,,
676,4,67,GET card,2.5018274589674547,48.83120802696794,200,5986,,
677,14,67,GET tickets,2.512314709019847,96.51387494523078,200,42,,
678,0,67,GET feedback,2.5199640420032665,88.11137499287724,200,43,,
679,1,67,GET tickets,2.529066124930978,80.8331670705229,200,42,,
680,2,68,GET runs,2.5301780839217827,65.9472499974072,200,5913,,
681,7,68,GET queue,2.530751792015508,46.580999973230064,200,359584,,
682,15,68,GET card,2.5308986249146983,35.082084010355175,200,6777,,
683,5,68,GET journal,2.531537125003524,102.29937499389052,200,239,,
684,9,68,GET queue,2.536622916930355,49.84658304601908,200,359584,,
685,18,68,GET feedback,2.538164166966453,95.01479205209762,200,43,,
686,19,68,GET card,2.54146837501321,25.30612493865192,200,6777,,
687,11,68,GET tickets,2.543050666921772,78.80950008984655,200,42,,
688,10,68,GET feedback,2.543437708984129,92.3625830328092,200,43,,
689,17,68,GET tickets,2.544531791936606,95.97129200119525,200,42,,
690,16,69,GET runs,2.546871625003405,86.57420892268419,200,5913,,
691,4,69,GET queue,2.550664374954067,57.27862496860325,200,351586,,
692,12,69,GET card,2.551096583949402,45.355333015322685,200,6005,,
693,13,69,GET journal,2.5515429999213666,137.0562920346856,200,239,,
694,6,69,GET queue,2.561160458950326,60.593958012759686,200,351586,,
695,15,69,GET feedback,2.5659855839330703,120.86558307055384,200,43,,
696,19,69,GET card,2.566778791951947,57.14150005951524,200,6005,,
697,7,69,GET tickets,2.5773807920049876,92.88612497039139,200,42,,
698,8,69,GET feedback,2.5775864999741316,89.80529196560383,200,43,,
699,9,69,GET tickets,2.5865120840026066,104.48754101525992,200,42,,
700,2,70,GET runs,2.5961299169575796,62.09012505132705,200,5913,,
701,12,70,GET queue,2.596457124920562,59.116417076438665,200,367961,,
702,4,70,GET card,2.6079917919123545,47.804958070628345,200,7164,,
703,0,70,GET journal,2.608078166958876,98.16633304581046,200,239,,
704,14,70,GET queue,2.6088317499961704,57.278874912299216,200,367961,,
705,1,70,GET feedback,2.6099014999344945,96.3823749916628,200,43,,
706,6,70,GET card,2.6217933340230957,47.94408299494535,200,7164,,
707,11,70,GET tickets,2.6218644590117037,85.09324991609901,200,42,,
708,3,70,GET feedback,2.6234651249833405,84.74870899226516,200,43,,
709,19,70,GET tickets,2.623924791929312,84.57795798312873,200,42,,
710,18,71,GET runs,2.6331815839512274,74.00933303870261,200,5913,,
711,16,71,GET queue,2.6334498749347404,50.214917049743235,200,359549,,
712,5,71,GET card,2.633838834008202,55.29020796529949,200,6388,,
713,10,71,GET journal,2.6358034589793533,75.31491597183049,200,239,,
714,17,71,GET queue,2.6405061669647694,65.37595798727125,200,359549,,
715,12,71,GET feedback,2.6556157500017434,52.500874968245625,200,43,,
716,4,71,GET card,2.655799458967522,50.38170795887709,200,6388,,
717,2,71,GET tickets,2.6582234589150175,50.72925006970763,200,42,,
718,14,71,GET feedback,2.666155833983794,42.53937501925975,200,43,,
719,8,71,GET tickets,2.6673948749667034,47.81466699205339,200,42,,
720,6,72,GET runs,2.669742166996002,53.91775001771748,200,5913,,
721,7,72,GET queue,2.6702704170020297,67.1982920030132,200,364813,,
722,16,72,GET card,2.683717291918583,61.76554202102125,200,6796,,
723,15,72,GET journal,2.686854333966039,132.50175002031028,200,239,,
724,13,72,GET queue,2.6886018340010196,56.540415971539915,200,364813,,
725,5,72,GET feedback,2.689132333965972,122.70616600289941,200,43,,
726,9,72,GET card,2.691001833998598,54.333957959897816,200,6796,,
727,17,72,GET tickets,2.70592958398629,110.72362493723631,200,42,,
728,4,72,GET feedback,2.706188333919272,93.59266608953476,200,43,,
729,0,72,GET tickets,2.7062484169146046,111.39462504070252,200,42,,
730,1,73,GET runs,2.706286041997373,71.14679191727191,200,5913,,
731,11,73,GET queue,2.7069604999851435,50.18150003161281,200,355960,,
732,18,73,GET card,2.707195791997947,40.94620794057846,200,5986,,
733,12,73,GET journal,2.7081189589807764,91.17337502539158,200,239,,
734,3,73,GET queue,2.7082159999990836,61.567208962515,200,355960,,
735,19,73,GET feedback,2.708506166934967,99.1877920459956,200,43,,
736,14,73,GET card,2.7086969589581713,66.53195805847645,200,5986,,
737,2,73,GET tickets,2.7089552499819547,103.03879203274846,200,42,,
738,10,73,GET feedback,2.711120459018275,112.4868328915909,200,43,,
739,8,73,GET tickets,2.7152117919176817,103.82245806977153,200,42,,
740,6,74,GET runs,2.7236642920179293,93.07649999391288,200,5913,,
741,7,74,GET queue,2.7375212089391425,57.39587498828769,200,359584,,
742,13,74,GET card,2.7451831669313833,40.973792085424066,200,6828,,
743,9,74,GET journal,2.745341458939947,76.67983300052583,200,239,,
744,16,74,GET queue,2.7454868749482557,62.098167021758854,200,359584,,
745,18,74,GET feedback,2.7481457089306787,100.64966604113579,200,43,,
746,11,74,GET card,2.757197124999948,50.748709007166326,200,6828,,
747,3,74,GET tickets,2.7698218339355662,79.22945800237358,200,42,,
748,14,74,GET feedback,2.775232833926566,87.56270806770772,200,43,,
749,1,74,GET tickets,2.777436374919489,69.49041702318937,200,42,,
750,13,75,GET runs,2.7861634999280795,72.22650002222508,200,5913,,
751,7,75,GET queue,2.7949698750162497,51.22920894064009,200,351586,,
752,12,75,GET card,2.7992980839917436,49.562832922674716,200,5630,,
753,4,75,GET journal,2.7997849999228492,145.31304209958762,200,239,,
754,16,75,GET queue,2.80762745894026,31.837916001677513,200,351586,,
755,19,75,GET feedback,2.8076961669139564,91.47966699674726,200,43,,
756,11,75,GET card,2.807948958943598,48.67891606409103,200,5630,,
757,5,75,GET tickets,2.8118425839347765,66.82045804336667,200,42,,
758,2,75,GET feedback,2.8119971249252558,86.83258399832994,200,43,,
759,17,75,GET tickets,2.8166553339688107,78.47995799966156,200,42,,
760,6,76,GET runs,2.816744833951816,63.63266601692885,200,5913,,
761,0,76,GET queue,2.8176452089101076,60.851041111163795,200,367961,,
762,8,76,GET card,2.8190374589757994,62.11212498601526,200,6807,,
763,15,76,GET journal,2.81935866700951,105.84870795719326,200,239,,
764,9,76,GET queue,2.822024416993372,72.9604170192033,200,367961,,
765,10,76,GET feedback,2.8236127919517457,126.79083296097815,200,43,,
766,16,76,GET card,2.839514374965802,47.78787505347282,200,6807,,
767,7,76,GET tickets,2.8462631669826806,90.89041699189693,200,42,,
768,1,76,GET feedback,2.846932500018738,99.77020893711597,200,43,,
769,18,76,GET tickets,2.8487985839601606,105.70829105563462,200,42,,
770,12,77,GET runs,2.848867541993968,72.03791697975248,200,5913,,
771,3,77,GET queue,2.84905354201328,57.5023329583928,200,359549,,
772,11,77,GET card,2.856632833951153,59.659000020474195,200,6411,,
773,13,77,GET journal,2.858396374969743,96.02662501856685,200,239,,
774,14,77,GET queue,2.862800541915931,70.41804201435298,200,359549,,
775,0,77,GET feedback,2.878556791925803,89.29525001440197,200,43,,
776,5,77,GET card,2.8786655840231106,41.881415992975235,200,6411,,
777,6,77,GET tickets,2.8803832919802517,83.6373750353232,200,42,,
778,8,77,GET feedback,2.8811550840036944,89.64658295735717,200,43,,
779,16,77,GET tickets,2.887311083963141,93.36529101710767,200,42,,
780,9,78,GET runs,2.8950487920083106,79.21512494795024,200,5913,,
781,17,78,GET queue,2.89513816696126,49.82625006232411,200,364813,,
782,2,78,GET card,2.898833749932237,48.78995905164629,200,7201,,
783,19,78,GET journal,2.8991799589712173,97.50545804854482,200,239,,
784,3,78,GET queue,2.906612291932106,57.23983305506408,200,364813,,
785,11,78,GET feedback,2.916299666976556,100.59375001583248,200,43,,
786,5,78,GET card,2.920558042009361,33.66733295843005,200,7201,,
787,12,78,GET tickets,2.920910625020042,76.15308393724263,200,42,,
788,15,78,GET feedback,2.9252120839664713,116.30808294285089,200,43,,
789,14,78,GET tickets,2.933271166984923,106.29012493882328,200,42,,
790,7,79,GET runs,2.9371584999607876,94.37900001648813,200,5913,,
791,17,79,GET queue,2.945021624909714,61.13395909778774,200,355960,,
792,4,79,GET card,2.9451006669551134,31.42200002912432,200,5612,,
793,1,79,GET journal,2.946707416907884,97.27520809974521,200,239,,
794,2,79,GET queue,2.947628541965969,46.43712495453656,200,355960,,
795,10,79,GET feedback,2.9504067089874297,115.65641593188047,200,43,,
796,5,79,GET card,2.954232749994844,52.99054202623665,200,5612,,
797,13,79,GET tickets,2.954425541916862,111.2679170910269,200,42,,
798,18,79,GET feedback,2.954511124989949,111.22320895083249,200,43,,
799,3,79,GET tickets,2.9639050419209525,124.70962502993643,200,42,,
800,6,80,GET runs,2.9640230420045555,101.48420801851898,200,5913,,
801,0,80,GET queue,2.9678544169291854,61.199292074888945,200,359584,,
802,8,80,GET card,2.970804249984212,38.44104195013642,200,6808,,
803,9,80,GET journal,2.9742694169981405,117.03804193530232,200,239,,
804,4,80,GET queue,2.9765284589957446,62.78141599614173,200,359584,,
805,16,80,GET feedback,2.9806799999205396,112.07237502094358,200,43,,
806,2,80,GET card,2.9941316669574007,71.84545800555497,200,6808,,
807,19,80,GET tickets,2.9966906249755993,90.34141700249165,200,42,,
808,12,80,GET feedback,2.997066958923824,93.8165410188958,200,43,,
809,17,80,GET tickets,3.00620824994985,92.39804197568446,200,42,,
810,5,81,GET runs,3.0072293339762837,83.58824998140335,200,5913,,
811,8,81,GET queue,3.0092531249392778,56.06104200705886,200,351586,,
812,11,81,GET card,3.016897334018722,68.5786249814555,200,5993,,
813,0,81,GET journal,3.0290997499832883,128.59183398541063,200,239,,
814,7,81,GET queue,3.031542958924547,49.373791087418795,200,351586,,
815,4,81,GET feedback,3.039361499948427,93.57733407523483,200,43,,
816,14,81,GET card,3.0395644590025768,29.04379100073129,200,5993,,
817,15,81,GET tickets,3.041524833999574,114.50874991714954,200,42,,
818,1,81,GET feedback,3.043986458913423,97.89766604080796,200,43,,
819,8,81,GET tickets,3.065364749985747,91.25216701067984,200,42,,
820,6,82,GET runs,3.065512624918483,68.64370906259865,200,5913,,
821,13,82,GET queue,3.065697249956429,66.93662505131215,200,367961,,
822,18,82,GET card,3.065736999968067,54.60841697640717,200,7168,,
823,2,82,GET journal,3.065981624997221,102.32504201121628,200,239,,
824,10,82,GET queue,3.0660658340202644,41.587374988012016,200,367961,,
825,14,82,GET feedback,3.068614791962318,96.1288750404492,200,43,,
826,7,82,GET card,3.0809624169487506,37.76366706006229,200,7168,,
827,11,82,GET tickets,3.0854799170047045,79.8019579378888,200,42,,
828,19,82,GET feedback,3.0870345419971272,107.68670798279345,200,43,,
829,3,82,GET tickets,3.0886187920114025,81.25312498304993,200,42,,
830,5,83,GET runs,3.0908238749252632,66.59466703422368,200,5913,,
831,12,83,GET queue,3.0908858749317005,62.99579201731831,200,359549,,
832,9,83,GET card,3.0913109169341624,42.69425000529736,200,6024,,
833,16,83,GET journal,3.092755416990258,81.87862497288734,200,239,,
834,17,83,GET queue,3.0986098339781165,65.94837503507733,200,359549,,
835,10,83,GET feedback,3.1077001669909805,127.40374996792525,200,43,,
836,7,83,GET card,3.118735291995108,49.363499972969294,200,6024,,
837,18,83,GET tickets,3.1203515420202166,97.2107918933034,200,42,,
838,13,83,GET feedback,3.1326945839682594,106.86295805498958,200,43,,
839,4,83,GET tickets,3.132943208911456,105.49795802216977,200,42,,
840,9,84,GET runs,3.134009458939545,84.46420799009502,200,5913,,
841,6,84,GET queue,3.1341617919970304,60.37424993701279,200,364813,,
842,1,84,GET card,3.141886999947019,52.90833406616002,200,6801,,
843,12,84,GET journal,3.1539278749842197,97.79412497300655,200,239,,
844,15,84,GET queue,3.1560367919737473,30.80087504349649,200,364813,,
845,8,84,GET feedback,3.1566201669629663,86.99245797470212,200,43,,
846,5,84,GET card,3.157422208925709,55.83787499926984,200,6801,,
847,0,84,GET tickets,3.1576949999434873,119.12791698705405,200,42,,
848,17,84,GET feedback,3.164611625019461,95.6999589689076,200,43,,
849,14,84,GET tickets,3.164747458999045,110.92158302199095,200,42,,
850,11,85,GET runs,3.1652846669312567,73.62400006968528,200,5913,,
851,7,85,GET queue,3.1681034999201074,42.821000097319484,200,355960,,
852,2,85,GET card,3.168309333967045,49.697499955073,200,5990,,
853,3,85,GET journal,3.169874917017296,106.87433299608529,200,239,,
854,16,85,GET queue,3.1746363749261945,59.21587499324232,200,355960,,
855,15,85,GET feedback,3.1868910000193864,89.52404197771102,200,43,,
856,6,85,GET card,3.1945827499730512,59.24824997782707,200,5990,,
857,19,85,GET tickets,3.1947295839199796,91.48800000548363,200,42,,
858,1,85,GET feedback,3.194797792006284,83.10216700192541,200,43,,
859,7,85,GET tickets,3.2109796669101343,92.38829207606614,200,42,,
860,5,86,GET runs,3.213264541933313,63.80541704129428,200,5913,,
861,18,86,GET queue,3.217565166996792,33.87887496501207,200,359584,,
862,2,86,GET card,3.218010124983266,41.94570903200656,200,6799,,
863,9,86,GET journal,3.2184780419338495,81.25291706528515,200,239,,
864,16,86,GET queue,3.2338923750212416,34.90287496242672,200,359584,,
865,10,86,GET feedback,3.2351071250159293,66.64295890368521,200,43,,
866,4,86,GET card,3.2384444170165807,43.13579190056771,200,6799,,
867,11,86,GET tickets,3.2389147089561448,91.06162504758686,200,42,,
868,13,86,GET feedback,3.2395612499676645,90.44541697949171,200,43,,
869,8,86,GET tickets,3.2436152499867603,102.54787502344698,200,42,,
870,18,87,GET runs,3.251501499908045,56.804000050760806,200,5913,,
871,12,87,GET queue,3.2517254590056837,43.781915912404656,200,351586,,
872,6,87,GET card,3.253835208946839,41.8610000051558,200,6019,,
873,2,87,GET journal,3.25996104197111,95.2275829622522,200,239,,
874,17,87,GET queue,3.260313958977349,69.46783303283155,200,351586,,
875,16,87,GET feedback,3.268836333998479,88.50049995817244,200,43,,
876,14,87,GET card,3.275671749957837,66.15125003736466,200,6019,,
877,15,87,GET tickets,3.276418499997817,70.73029200546443,200,42,,
878,3,87,GET feedback,3.27675104199443,80.92241699341685,200,43,,
879,0,87,GET tickets,3.2768252089153975,82.22720806952566,200,42,,
880,5,88,GET runs,3.277074833982624,70.28637500479817,200,5913,,
881,1,88,GET queue,3.2779020000016317,38.494833977892995,200,367961,,
882,4,88,GET card,3.2815849169855937,51.27816693857312,200,7569,,
883,19,88,GET journal,3.2862205000128597,90.01979196909815,200,239,,
884,12,88,GET queue,3.2955554589862004,59.51299995649606,200,367961,,
885,6,88,GET feedback,3.295699624926783,68.21895902976394,200,43,,
886,9,88,GET card,3.299734208965674,46.82454094290733,200,7569,,
887,10,88,GET tickets,3.301753541920334,96.07845800928771,200,42,,
888,7,88,GET feedback,3.3033700839150697,53.50087501574308,200,43,,
889,18,88,GET tickets,3.3083092499291524,112.75216704234481,200,42,,
890,1,89,GET runs,3.3164472499629483,104.53179199248552,200,5913,,
891,17,89,GET queue,3.3298351250123233,65.51745894830674,200,359549,,
892,11,89,GET card,3.329979083966464,45.89299997314811,200,6405,,
893,13,89,GET journal,3.330010166973807,104.5786669710651,200,239,,
894,4,89,GET queue,3.332868166966364,42.82162501476705,200,359549,,
895,14,89,GET feedback,3.341831083991565,82.39033294375986,200,43,,
896,8,89,GET card,3.346168874995783,30.7779589202255,200,6405,,
897,9,89,GET tickets,3.34656512492802,83.98287498857826,200,42,,
898,15,89,GET feedback,3.347151209018193,85.67699999548495,200,43,,
899,5,89,GET tickets,3.3473664589691907,86.54695795848966,200,42,,
900,12,90,GET runs,3.3551157499896362,75.03116701263934,200,5913,,
901,2,90,GET queue,3.3551912090042606,53.28366591129452,200,364813,,
902,7,90,GET card,3.3568739589536563,52.31029097922146,200,6783,,
903,16,90,GET journal,3.3573394999839365,76.81187498383224,200,239,,
904,3,90,GET queue,3.3576773749664426,63.01654200069606,200,364813,,
905,0,90,GET feedback,3.3590590419480577,130.48487505875528,200,43,,
906,6,90,GET card,3.3639222090132535,67.57520791143179,200,6783,,
907,4,90,GET tickets,3.375755999935791,127.23633402492851,200,42,,
908,11,90,GET feedback,3.3758759589400142,85.08337498642504,200,43,,
909,19,90,GET tickets,3.376243916922249,104.19529199134558,200,42,,
910,8,91,GET runs,3.3769514999585226,101.41608398407698,200,5913,,
911,17,91,GET queue,3.3953977919882163,51.07762501575053,200,355960,,
912,10,91,GET card,3.3978350419783965,60.54137495812029,200,5995,,
913,2,91,GET journal,3.4085274590179324,92.70299994386733,200,239,,
914,7,91,GET queue,3.409189208992757,47.60020796675235,200,355960,,
915,3,91,GET feedback,3.420747041935101,90.0892079807818,200,43,,
916,1,91,GET card,3.420983541989699,40.162582998164,200,5995,,
917,18,91,GET tickets,3.4210636250209063,82.06737495493144,200,42,,
918,14,91,GET feedback,3.424224750022404,89.17866693809628,200,43,,
919,12,91,GET tickets,3.4301519169239327,74.63733304757625,200,42,,
920,9,92,GET runs,3.4305516249733046,84.76699993479997,200,5913,,
921,6,92,GET queue,3.431502667022869,57.912791962735355,200,359584,,
922,15,92,GET card,3.432830624980852,63.99349996354431,200,7166,,
923,5,92,GET journal,3.433917124988511,82.34670897945762,200,239,,
924,16,92,GET queue,3.434153958922252,62.40362499374896,200,359584,,
925,13,92,GET feedback,3.43459304200951,81.41399989835918,200,43,,
926,17,92,GET card,3.4465240839635953,54.98474999330938,200,7166,,
927,7,92,GET tickets,3.456838333979249,58.39741602540016,200,42,,
928,10,92,GET feedback,3.4583800840191543,57.824374991469085,200,43,,
929,11,92,GET tickets,3.460964374942705,54.421541979536414,200,42,,
930,1,93,GET runs,3.4611630419967696,55.25208299513906,200,5913,,
931,8,93,GET queue,3.478373375022784,54.65512489899993,200,351586,,
932,19,93,GET card,3.4804427919443697,72.1132920589298,200,6027,,
933,6,93,GET journal,3.4894593749195337,111.19829199742526,200,239,,
934,0,93,GET queue,3.489546374999918,53.73649997636676,200,351586,,
935,16,93,GET feedback,3.496596416924149,126.05754204560071,200,43,,
936,15,93,GET card,3.4968302919296548,49.03712507802993,200,6027,,
937,2,93,GET tickets,3.501235625008121,127.30395898688585,200,42,,
938,17,93,GET feedback,3.5015130839310586,103.61370805185288,200,43,,
939,4,93,GET tickets,3.5029949999880046,115.14241702388972,200,42,,
940,18,94,GET runs,3.5031329590128735,97.76120795868337,200,5913,,
941,12,94,GET queue,3.5047954589826986,55.40479102637619,200,367961,,
942,3,94,GET card,3.510839666938409,56.2737500295043,200,6798,,
943,14,94,GET journal,3.513405374949798,118.83425002451986,200,239,,
944,7,94,GET queue,3.5152376249898225,62.98470892943442,200,367961,,
945,9,94,GET feedback,3.5153228340204805,102.27762500289828,200,43,,
946,11,94,GET card,3.5153881669975817,63.01204196643084,200,6798,,
947,13,94,GET tickets,3.5160095419269055,111.73662508372217,200,42,,
948,10,94,GET feedback,3.5162063339957967,102.94866596814245,200,43,,
949,5,94,GET tickets,3.5162653339793906,132.46041594538838,200,42,,
950,1,95,GET runs,3.5164179999846965,88.98091700393707,200,5913,,
951,8,95,GET queue,3.533074833918363,54.37691602855921,200,359549,,
952,0,95,GET card,3.5433389589888975,57.915707933716476,200,6439,,
953,15,95,GET journal,3.5458765840157866,111.93199991248548,200,239,,
954,19,95,GET queue,3.552563500008546,64.87537501379848,200,359549,,
955,12,95,GET feedback,3.560245499946177,59.5390839735046,200,43,,
956,3,95,GET card,3.567117583937943,57.21416603773832,200,6439,,
957,7,95,GET tickets,3.5782649170141667,77.97054189722985,200,42,,
958,11,95,GET feedback,3.578403166960925,84.23295803368092,200,43,,
959,8,95,GET tickets,3.5874941250076517,101.74750001169741,200,42,,
960,6,96,GET runs,3.60066137497779,57.447333936579525,200,5913,,
961,18,96,GET queue,3.600898667005822,38.51616696920246,200,364813,,
962,0,96,GET card,3.6012587499571964,27.03204203862697,200,6795,,
963,17,96,GET journal,3.6051295419456437,56.3702080398798,200,239,,
964,1,96,GET queue,3.605402834014967,41.164874914102256,200,364813,,
965,19,96,GET feedback,3.617487874929793,46.06841702479869,200,43,,
966,9,96,GET card,3.617602749960497,36.74958401825279,200,6795,,
967,4,96,GET tickets,3.6181409169221297,86.65504201781005,200,42,,
968,10,96,GET feedback,3.619160166941583,87.53008302301168,200,43,,
969,12,96,GET tickets,3.6197874170029536,105.87095795199275,200,42,,
970,16,97,GET runs,3.6226595420157537,74.62237495929003,200,5913,,
971,3,97,GET queue,3.6243379169609398,53.76745795365423,200,355960,,
972,13,97,GET card,3.6277492919471115,34.003542037680745,200,6022,,
973,0,97,GET journal,3.6282971249893308,99.36562494840473,200,239,,
974,2,97,GET queue,3.6285414999583736,56.22933397535235,200,355960,,
975,14,97,GET feedback,3.632241874933243,93.45616702921689,200,43,,
976,18,97,GET card,3.639469209010713,61.756249982863665,200,6022,,
977,1,97,GET tickets,3.646606541937217,80.97516698762774,200,42,,
978,5,97,GET feedback,3.648727959021926,78.60424998216331,200,43,,
979,9,97,GET tickets,3.654356334009208,78.16187490243465,200,42,,
980,7,98,GET runs,3.6562385839642957,76.94766600616276,200,5913,,
981,15,98,GET queue,3.6578108749818057,56.87120894435793,200,359584,,
982,6,98,GET card,3.658113749930635,42.60979208629578,200,6790,,
983,17,98,GET journal,3.6615017919102684,69.58962511271238,200,239,,
984,13,98,GET queue,3.6617580419406295,63.71654197573662,200,359584,,
985,11,98,GET feedback,3.6626417089719325,69.07850003335625,200,43,,
986,19,98,GET card,3.663559666951187,62.288249959237874,200,6790,,
987,3,98,GET tickets,3.6781537500210106,68.99720896035433,200,42,,
988,2,98,GET feedback,3.6848234169883654,140.2996249962598,200,43,,
989,8,98,GET tickets,3.6892439170042053,119.32570801582187,200,42,,
990,16,99,GET runs,3.697286666953005,89.68591701705009,200,5913,,
991,6,99,GET queue,3.7007292499765754,46.14604194648564,200,351586,,
992,18,99,GET card,3.7012301249196753,54.25799998920411,200,6003,,
993,4,99,GET journal,3.7047987090190873,95.3502079937607,200,239,,
994,10,99,GET queue,3.706692749983631,46.82149994187057,200,351586,,
995,15,99,GET feedback,3.714727749931626,94.0704169915989,200,43,,
996,13,99,GET card,3.7255164169473574,35.351958009414375,200,6003,,
997,12,99,GET tickets,3.7256611669436097,105.8777499711141,200,42,,
998,14,99,GET feedback,3.7257008749293163,100.89470900129527,200,43,,
999,19,99,GET tickets,3.7258511669933796,99.47324998211116,200,42,,
1000,5,100,GET runs,3.727334124967456,98.96254201885313,200,5913,,
1001,1,100,GET queue,3.7275838339701295,68.29408300109208,200,367961,,
1002,0,100,GET card,3.7276657089823857,51.68512498494238,200,6810,,
1003,17,100,GET journal,3.731093499925919,110.62425002455711,200,239,,
1004,11,100,GET queue,3.7317227089079097,43.46966603770852,200,367961,,
1005,9,100,GET feedback,3.7325202089268714,99.53512507490814,200,43,,
1006,7,100,GET card,3.7331894169328734,52.893917076289654,200,6810,,
1007,6,100,GET tickets,3.7469317089999095,94.69737496692687,200,42,,
1008,3,100,GET feedback,3.7471530420007184,84.5449169864878,200,43,,
1009,10,100,GET tickets,3.7535582089331,78.94595805555582,200,42,,
1010,18,101,GET runs,3.755492083961144,69.03458305168897,200,5913,,
1011,13,101,GET queue,3.7608739169081673,60.22662506438792,200,359549,,
1012,11,101,GET card,3.7752409169916064,52.38033295609057,200,5619,,
1013,0,101,GET journal,3.779355000006035,112.53241694066674,200,239,,
1014,7,101,GET queue,3.786087583983317,54.11912500858307,200,359549,,
1015,16,101,GET feedback,3.786976584000513,58.15399996936321,200,43,,
1016,1,101,GET card,3.7959332920145243,47.9106669081375,200,5619,,
1017,4,101,GET tickets,3.80015166697558,98.56125002261251,200,42,,
1018,8,101,GET feedback,3.8085723749827594,100.80604196991771,200,43,,
1019,15,101,GET tickets,3.808800166938454,109.96112506836653,200,42,,
1020,13,102,GET runs,3.8211504589999095,71.1565000237897,200,5913,,
1021,18,102,GET queue,3.8245315839303657,36.53975005727261,200,364813,,
1022,2,102,GET card,3.825126666924916,22.542625083588064,200,6790,,
1023,19,102,GET journal,3.825327374972403,90.96937498543411,200,239,,
1024,5,102,GET queue,3.826299833948724,49.01266598608345,200,364813,,
1025,14,102,GET feedback,3.8265975839458406,90.81429103389382,200,43,,
1026,11,102,GET card,3.827626458951272,33.693791017867625,200,6790,,
1027,12,102,GET tickets,3.8315414589596912,114.70095801632851,200,42,,
1028,3,102,GET feedback,3.8317032089689746,91.5691660484299,200,43,,
1029,9,102,GET tickets,3.8320589589420706,103.59666601289064,200,42,,
1030,10,103,GET runs,3.8325062919175252,85.646583000198,200,5913,,
1031,7,103,GET queue,3.8402579589746892,50.13970797881484,200,355960,,
1032,6,103,GET card,3.841632541967556,51.64062499534339,200,6007,,
1033,17,103,GET journal,3.841720499913208,104.84766704030335,200,239,,
1034,1,103,GET queue,3.8438539169728756,63.59658297151327,200,355960,,
1035,16,103,GET feedback,3.8451333749108016,82.3025000281632,200,43,,
1036,2,103,GET card,3.8476745419902727,66.97908299975097,200,6007,,
1037,18,103,GET tickets,3.8611422500107437,76.53604191727936,200,42,,
1038,11,103,GET feedback,3.8613255419768393,77.47766701504588,200,43,,
1039,5,103,GET tickets,3.875359541969374,99.5146669447422,200,42,,
1040,7,104,GET runs,3.890452208928764,98.72550005093217,200,5913,,
1041,0,104,GET queue,3.891891042003408,42.937332997098565,200,359584,,
1042,13,104,GET card,3.892312709009275,35.04295798484236,200,6780,,
1043,6,104,GET journal,3.8932794999564067,95.97758401650935,200,239,,
1044,4,104,GET queue,3.8987182920100167,64.46862500160933,200,359584,,
1045,1,104,GET feedback,3.907500166911632,64.05937508679926,200,43,,
1046,8,104,GET card,3.9093833749648184,27.817875030450523,200,6780,,
1047,2,104,GET tickets,3.914660208974965,82.94558303896338,200,42,,
1048,19,104,GET feedback,3.916300958953798,70.4979159636423,200,43,,
1049,14,104,GET tickets,3.9174175419611856,80.39141702465713,200,42,,
1050,10,105,GET runs,3.9181583339814097,56.857582996599376,200,5913,,
1051,15,105,GET queue,3.91876475000754,51.361374906264246,200,351586,,
1052,3,105,GET card,3.923277666908689,49.72820810507983,200,6025,,
1053,13,105,GET journal,3.9273618339793757,75.0416659284383,200,239,,
1054,16,105,GET queue,3.927438333979808,69.98170795850456,200,351586,,
1055,0,105,GET feedback,3.934894458972849,84.9152080481872,200,43,,
1056,9,105,GET card,3.935659167007543,62.04791693016887,200,6025,,
1057,8,105,GET tickets,3.9372059169691056,79.66116699390113,200,42,,
1058,18,105,GET feedback,3.937681125011295,128.56533390004188,200,43,,
1059,11,105,GET tickets,3.9388057499891147,128.9416670333594,200,42,,
1060,12,106,GET runs,3.9462461669463664,111.60716705489904,200,5913,,
1061,17,106,GET queue,3.9465721249580383,67.37549998797476,200,367961,,
1062,4,106,GET card,3.9632315000053495,43.19291701540351,200,7594,,
1063,15,106,GET journal,3.970176124945283,99.81200005859137,200,239,,
1064,1,106,GET queue,3.971567416912876,56.05720810126513,200,367961,,
1065,3,106,GET feedback,3.97301133396104,98.6522079911083,200,43,,
1066,5,106,GET card,3.974879042012617,82.60504191275686,200,7594,,
1067,10,106,GET tickets,3.975022666971199,142.10270799230784,200,42,,
1068,19,106,GET feedback,3.9868058339925483,98.86649996042252,200,43,,
1069,7,106,GET tickets,3.989182458957657,99.41687504760921,200,42,,
1070,6,107,GET runs,3.9892591669922695,124.90087503101677,200,5913,,
1071,16,107,GET queue,3.9974857500055805,68.63779190462083,200,359549,,
1072,2,107,GET card,3.997608708916232,19.160750089213252,200,6407,,
1073,9,107,GET journal,3.9977112089982256,103.9084579097107,200,239,,
1074,14,107,GET queue,3.997812833986245,56.189124938100576,200,359549,,
1075,13,107,GET feedback,4.002409708919004,113.58979099895805,200,43,,
1076,4,107,GET card,4.006430667010136,61.69395800679922,200,6407,,
1077,17,107,GET tickets,4.0140011250041425,87.50387490727007,200,42,,
1078,2,107,GET feedback,4.016775875003077,98.78533391747624,200,43,,
1079,8,107,GET tickets,4.0168698750203475,99.6128749102354,200,42,,
1080,0,108,GET runs,4.0198135420214385,69.20699996408075,200,5913,,
1081,1,108,GET queue,4.0276759170228615,70.13345789164305,200,364813,,
1082,14,108,GET card,4.054050833918154,60.38566608913243,200,6794,,
1083,5,108,GET journal,4.057491416926496,124.14320802781731,200,239,,
1084,12,108,GET queue,4.057857624953613,56.16108397953212,200,364813,,
1085,16,108,GET feedback,4.066163874929771,95.91687505599111,200,43,,
1086,18,108,GET card,4.066248708986677,32.10208297241479,200,6794,,
1087,11,108,GET tickets,4.067749792011455,73.37925001047552,200,42,,
1088,4,108,GET feedback,4.068130249972455,115.65995903220028,200,43,,
1089,15,108,GET tickets,4.0699913339922205,100.31608294229954,200,42,,
1090,3,109,GET runs,4.0716663339408115,76.60241599660367,200,5913,,
1091,19,109,GET queue,4.085675499984063,51.0682089952752,200,355960,,
1092,7,109,GET card,4.0886017919983715,49.20100001618266,200,6391,,
1093,0,109,GET journal,4.089024833985604,96.54758300166577,200,239,,
1094,1,109,GET queue,4.0978594169719145,83.63408304285258,200,355960,,
1095,18,109,GET feedback,4.098354749963619,86.92549995612353,200,43,,
1096,17,109,GET card,4.101507999934256,36.06929199304432,200,6391,,
1097,9,109,GET tickets,4.101622833986767,83.68874993175268,200,42,,
1098,12,109,GET feedback,4.114064666908234,132.3334580520168,200,43,,
1099,6,109,GET tickets,4.11416429199744,111.06424999888986,200,42,,
1100,14,110,GET runs,4.114441166981123,70.800416986458,200,5913,,
1101,2,110,GET queue,4.115564459003508,42.923999950289726,200,359584,,
1102,13,110,GET card,4.116002541966736,31.869541970081627,200,6796,,
1103,8,110,GET journal,4.116486917017028,72.24504195619375,200,239,,
1104,10,110,GET queue,4.117127749952488,52.665250026620924,200,359584,,
1105,19,110,GET feedback,4.13679587491788,102.56245906930417,200,43,,
1106,17,110,GET card,4.13758062501438,53.96237492095679,200,6796,,
1107,7,110,GET tickets,4.137806333950721,112.78724996373057,200,42,,
1108,11,110,GET feedback,4.141132166958414,108.94812503829598,200,43,,
1109,13,110,GET tickets,4.147876958944835,107.45641600806266,200,42,,
1110,3,111,GET runs,4.148272874997929,90.6487499596551,200,5913,,
1111,2,111,GET queue,4.15853287500795,61.752500012516975,200,351586,,
1112,16,111,GET card,4.162082958966494,58.33754094783217,200,5641,,
1113,10,111,GET journal,4.169835458975285,68.45725001767278,200,239,,
1114,15,111,GET queue,4.170310291927308,35.834958078339696,200,351586,,
1115,1,111,GET feedback,4.181537416996434,85.76383301988244,200,43,,
1116,5,111,GET card,4.1816363339312375,41.871750028803945,200,5641,,
1117,4,111,GET tickets,4.18379479192663,68.25400004163384,200,42,,
1118,14,111,GET feedback,4.185245083994232,64.13804099429399,200,43,,
1119,18,111,GET tickets,4.185283416998573,65.66237495280802,200,42,,
1120,9,112,GET runs,4.18531508394517,66.04120798874646,200,5913,,
1121,0,112,GET queue,4.185574624920264,50.06962502375245,200,367961,,
1122,8,112,GET card,4.188737291959114,50.34745798911899,200,6795,,
1123,17,112,GET journal,4.19154804199934,120.64724997617304,200,239,,
1124,15,112,GET queue,4.206190666998737,59.2021249467507,200,367961,,
1125,2,112,GET feedback,4.220326666953042,57.235916960053146,200,43,,
1126,16,112,GET card,4.220422875019722,47.08112496882677,200,6795,,
1127,5,112,GET tickets,4.223512249998748,56.53712491039187,200,42,,
1128,6,112,GET feedback,4.225233583943918,68.03508300799876,200,43,,
1129,0,112,GET tickets,4.235693749971688,81.53616695199162,200,42,,
1130,10,113,GET runs,4.238295124960132,78.66875000763685,200,5913,,
1131,3,113,GET queue,4.238924791919999,36.8226250866428,200,359549,,
1132,8,113,GET card,4.2390878750011325,45.44608399737626,200,5614,,
1133,19,113,GET journal,4.239360791980289,96.27179196104407,200,239,,
1134,12,113,GET queue,4.246400208910927,63.394750002771616,200,359549,,
1135,14,113,GET feedback,4.249385666917078,85.56370809674263,200,43,,
1136,11,113,GET card,4.250082541955635,66.73608301207423,200,5614,,
1137,7,113,GET tickets,4.250595333985984,126.99395802337676,200,42,,
1138,18,113,GET feedback,4.250949000008404,87.90804201271385,200,43,,
1139,9,113,GET tickets,4.25135929195676,93.52400002535433,200,42,,
1140,4,114,GET runs,4.252051708986983,84.04049999080598,200,5913,,
1141,13,114,GET queue,4.255335166933946,37.80612500850111,200,364813,,
1142,15,114,GET card,4.265436667017639,51.25329189468175,200,6796,,
1143,1,114,GET journal,4.267305042012595,98.7882079789415,200,239,,
1144,16,114,GET queue,4.2675080839544535,57.841415982693434,200,364813,,
1145,3,114,GET feedback,4.275798709015362,70.09508297778666,200,43,,
1146,2,114,GET card,4.277565042022616,57.73804197087884,200,6796,,
1147,5,114,GET tickets,4.280055208946578,96.46512498147786,200,42,,
1148,8,114,GET feedback,4.284537291969173,105.32995802350342,200,43,,
1149,13,114,GET tickets,4.293194334022701,107.30245790909976,200,42,,
1150,6,115,GET runs,4.293271749978885,84.52150004450232,200,5913,,
1151,12,115,GET queue,4.309847166994587,66.04066700674593,200,355960,,
1152,17,115,GET card,4.31219904194586,65.00758300535381,200,5609,,
1153,15,115,GET journal,4.316695124958642,122.02812498435378,200,239,,
1154,11,115,GET queue,4.316823458997533,41.76562500651926,200,355960,,
1155,10,115,GET feedback,4.31696841691155,97.82029211055487,200,43,,
1156,0,115,GET card,4.317231999943033,48.77320898231119,200,5609,,
1157,16,115,GET tickets,4.325401666923426,88.8493750244379,200,42,,
1158,14,115,GET feedback,4.334953708923422,66.32445799186826,200,43,,
1159,2,115,GET tickets,4.335310624912381,69.78116708341986,200,42,,
1160,19,116,GET runs,4.3356353340204805,63.92812496051192,200,5913,,
1161,4,116,GET queue,4.336096709012054,53.62395790871233,200,359584,,
1162,18,116,GET card,4.338860208983533,42.40437503904104,200,6791,,
1163,9,116,GET journal,4.344889583997428,113.94037492573261,200,239,,
1164,3,116,GET queue,4.3458958339178935,67.24000000394881,200,359584,,
1165,11,116,GET feedback,4.358650624984875,109.42374996375293,200,43,,
1166,0,116,GET card,4.366010416997597,49.77995797526091,200,6791,,
1167,1,116,GET tickets,4.36609637492802,90.30083403922617,200,42,,
1168,12,116,GET feedback,4.37593645893503,117.01141600497067,200,43,,
1169,5,116,GET tickets,4.376526791951619,92.36187499482185,200,42,,
1170,17,117,GET runs,4.377210667007603,74.29737492930144,200,5913,,
1171,7,117,GET queue,4.377593041979708,73.40370793826878,200,351586,,
1172,6,117,GET card,4.377797083929181,45.92354106716812,200,5615,,
1173,18,117,GET journal,4.381268708966672,87.45629095938057,200,239,,
1174,4,117,GET queue,4.3897802089340985,44.62966602295637,200,351586,,
1175,8,117,GET feedback,4.3898700419813395,78.43945804052055,200,43,,
1176,19,117,GET card,4.399569458910264,42.46504104230553,200,5615,,
1177,13,117,GET tickets,4.400500374962576,92.06499997526407,200,42,,
1178,14,117,GET feedback,4.401280959020369,90.15670791268349,200,43,,
1179,2,117,GET tickets,4.405094375018962,86.85958397109061,200,42,,
1180,3,118,GET runs,4.413178708986379,78.15187494270504,200,5913,,
1181,16,118,GET queue,4.414253958966583,53.529915981926024,200,367961,,
1182,10,118,GET card,4.4147919999668375,53.38504200335592,200,7194,,
1183,0,118,GET journal,4.41579537501093,60.205666930414736,200,239,,
1184,6,118,GET queue,4.423727458924986,67.23362498451024,200,367961,,
1185,4,118,GET feedback,4.4344574169954285,83.26383295934647,200,43,,
1186,15,118,GET card,4.438726499909535,52.76379210408777,200,7194,,
1187,19,118,GET tickets,4.44204012490809,85.57566709350795,200,42,,
1188,7,118,GET feedback,4.451065916917287,76.70600002165884,200,43,,
1189,17,118,GET tickets,4.451516625005752,75.67283394746482,200,42,,
1190,1,119,GET runs,4.456400875002146,70.51141699776053,200,5913,,
1191,9,119,GET queue,4.458832083968446,53.704291000030935,200,359549,,
1192,16,119,GET card,4.4678309999872,28.511749929748476,200,5999,,
1193,11,119,GET journal,4.468077249941416,59.5115419710055,200,239,,
1194,10,119,GET queue,4.468181166914292,58.50995809305459,200,359549,,
1195,8,119,GET feedback,4.4683145839953795,58.81800001952797,200,43,,
1196,18,119,GET card,4.468727374915034,47.22004209179431,200,5999,,
1197,5,119,GET tickets,4.468891458935104,58.902000077068806,200,42,,
1198,0,119,GET feedback,4.476004166994244,51.203457987867296,200,43,,
1199,6,119,GET tickets,4.491015083971433,36.44087503198534,200,42,,
